0	Gene Signature
ACE Inhibitor Pathway WP396	['REN2', 'ACE', 'REN1', 'NOS3', 'AGTR2', 'BDKRB2', 'AGTR1A', 'AGT', 'KNG1', 'Na']
Acetylcholine Synthesis WP175	['ACHE', 'PCYT1A', 'PDHA2', 'PDHA1', 'CHKA', 'CHAT', 'PEMT', 'Na']
Adipogenesis genes WP447	['TGFB1', 'GH', 'TLE3', 'PRLR', 'WNT5B', 'EBF1', 'OSM', 'LIFR', 'AGT', 'GDF10', 'SFRP4', 'FAS', 'LEP', 'IL6ST', 'AGRP', 'CNTFR', 'RB1', 'EPAS1', 'SERPINE1', 'UCP1', 'RETN', 'AHR', 'TNF', 'CISD1', 'GM45929', 'FOXO1', 'LMNA', 'RXRA', 'FRZB', 'E2F1', 'SPOCK1', 'STAT6', 'E2F4', 'RXRG', 'PPARGC1A', 'WWTR1', 'SMAD3', 'STAT5B', 'SREBF1', 'FZD1', 'EGR2', 'WNT10B', 'GADD45B', 'GADD45A', 'MIF', 'NR2F1', 'NSG1', 'IGF1', 'KLF15', 'CREB1', 'HNF1A', 'INS1', 'INS2', 'CFD', 'IRS1', 'IRS2', 'LPL', 'IRS3', 'SLC2A4', 'TWIST1', 'IRS4', 'GATA4', 'GATA3', 'HIF1A', 'GATA2', 'RORA', 'LIPE', 'NDN', 'STAT5A', 'NCOA2', 'NCOA1', 'LIF', 'HMGA1', 'BMP4', 'RBL1', 'BMP3', 'NCOR1', 'SP1', 'CYP26A1', 'NCOR2', 'LPIN1', 'BMP2', 'IL6', 'RBL2', 'BMP1', 'ID3', 'RARA', 'LPIN2', 'LPIN3', 'MIXL1', 'FOXC2', 'CELF1', 'AGPAT2', 'ZMPSTE24', 'SOCS3', 'SOCS1', 'CYP26B1', 'NRIP1', 'DVL1', 'WNT1', 'PCK2', 'PCK1', 'MEF2B', 'ADIPOQ', 'MBNL1', 'MEF2A', 'MEF2D', 'PTGIS', 'MEF2C', 'PPARA', 'STAT1', 'PLIN1', 'STAT2', 'STAT3', 'NR1H3', 'KLF5', 'DLK1', 'KLF7', 'FABP4', 'KLF6', 'PPARG', 'DDIT3', 'PLIN2', 'TRIB3', 'PPARD', 'PNPLA3', 'BSCL2', 'CEBPA', 'CEBPB', 'CEBPD', 'CTNNB1', 'NR3C1', 'NAMPT', 'SCD1', 'Na']
Aflatoxin B1 metabolism WP1262	['AKR7A5', 'EPHX1', 'GSTM1', 'CYP1A2', 'GSTT1', 'Na']
Alanine and aspartate metabolism WP240	['DARS', 'GOT2', 'ADSL', 'PCX', 'GOT1', 'GAD2', 'GAD1', 'GPT', 'ABAT', 'ASS1', 'CARNS1', 'ASL', 'ASPA', 'CRAT', 'AGXT', 'Na']
Alpha6-Beta4 Integrin Signaling Pathway WP488	['RHOA', 'MMP7', 'LAMB3', 'BAD', 'LAMB2', 'LAMB1', 'RPSA', 'PIK3CB', 'PIK3CA', 'VIM', 'ITGA6', 'PLEC', 'YWHAE', 'YWHAB', 'SHC1', 'LAMC1', 'PIK3R3', 'MST1R', 'LAMC2', 'PIK3R2', 'NTN1', 'EGFR', 'PAK1', 'ERBB2', 'AKT1', 'CASP3', 'EIF4E', 'YWHAH', 'YES1', 'SMAD3', 'DSP', 'SMAD2', 'PRKCD', 'DST', 'TRP73', 'PRKCA', 'ERBIN', 'YWHAZ', 'MTOR', 'PTK2', 'AR', 'EIF6', 'PIK3R1', 'LOC102642689', 'MET', 'GRB2', 'SRC', 'RTKN', 'COL17A1', 'IRS1', 'CD151', 'LAMA3', 'CDKN1A', 'IRS2', 'LAMA2', 'LAMA5', 'ITGB4', 'EIF4EBP1', 'PIK3CD', 'LAMA1', 'PIK3CG', 'CLCA2', 'CLCA1', 'RAC1', 'ABL1', 'SFN', 'FYN', 'Na']
Alzheimers Disease WP2075	['PSENEN', 'APAF1', 'BAD', 'EIF2AK3', 'TRP53', 'GRIN2D', 'GRIN2C', 'TNFRSF1A', 'GRIN1', 'ERN1', 'IL1B', 'MAPT', 'CDK5', 'FAS', 'CALM4', 'CALM2', 'APP', 'GSK3B', 'LRP1', 'ITPR2', 'IDE', 'CALML3', 'ITPR3', 'TNF', 'ITPR1', 'PPP3CA', 'APH1A', 'PPP3CB', 'CASP8', 'PPP3CC', 'CASP9', 'CASP12', 'CASP7', 'APBB1', 'CASP3', 'CHP2', 'FADD', 'NAE1', 'CAPN1', 'CHP1', 'CAPN2', 'NCSTN', 'SNCA', 'MME', 'ADAM10', 'BACE1', 'PLCB4', 'ADAM17', 'GNAQ', 'ATF6', 'PLCB2', 'CDK5R1', 'PLCB3', 'PLCB1', 'RYR3', 'LPL', 'CACNA1C', 'ATP2A3', 'ATP2A2', 'PSEN1', 'PSEN2', 'ATP2A1', 'CACNA1D', 'CACNA1F', 'HSD17B10', 'PPP3R1', 'PPP3R2', 'GRIN2B', 'GRIN2A', 'CACNA1S', 'MAPK3', 'NOS1', 'APOE', 'MAPK1', 'BID', 'Na']
Amino Acid metabolism WP662	['WARS', 'AOC3', 'HMGCS2', 'GSR', 'PDHA1', 'PDHX', 'GSS', 'GPT2', 'ASNS', 'PYCR1', 'SDHD', 'FAH', 'G6PC2', 'CS', 'SDHA', 'GLUD1', 'ASS1', 'TH', 'HAL', 'BHMT', 'P4HA2', 'CPS1', 'GSTA4', 'CTH', 'ALDH18A1', 'ACO2', 'SUCLG1', 'OTC', 'HIBADH', 'TPH1', 'ODC1', 'MAOA', 'TAT', 'ACAA1A', 'DBH', 'DLST', 'EHHADH', 'GLS', 'LDHA', 'AUH', 'HIBCH', 'ACSS1', 'PCK1', 'SDS', 'IDH1', 'CAD', 'MDH2', 'GOT2', 'ARG1', 'ARG2', 'GOT1', 'MCCC1', 'MARS2', 'MPST', 'MUT', 'FH1', 'ACLY', 'PKM', 'ALDH7A1', 'ALDH1A1', 'LARS2', 'SMS', 'DLD', 'IARS', 'FARSB', 'GCLM', 'BCAT1', 'OGDH', 'OAT', 'PNMT', 'DDC', 'VARS', 'PCX', 'HDC', 'RARS', 'EPRS', 'PPM1L', 'SRM', 'HNMT', 'ADH7', 'FTCD', 'ADH4', 'HMGCL', 'ADH5', 'CBS', 'TPO', 'ACADM', 'TDO2', 'ADH1', 'ASL', 'PDK4', 'GLUL', 'MDH1', 'HADH', 'PRODH', 'Na']
ApoE and miR-146 in inflammation and atherosclerosis WP3592	['TLR2', 'RELA', 'SPI1', 'TRAF6', 'IRAK1', 'APOE', 'TLR4', 'NFKB2', 'Na']
Apoptosis Modulation by HSP70 WP166	['MAP3K1', 'APAF1', 'NFKB1', 'TNFRSF1A', 'CASP8', 'CASP9', 'MAPK10', 'CASP6', 'CASP7', 'FAS', 'AIFM1', 'CASP2', 'HSPA1A', 'CASP3', 'FADD', 'RIPK1', 'BID', 'Na']
Apoptosis WP1254	['MAP3K1', 'JUN', 'SCAF11', 'APAF1', 'BAD', 'CRADD', 'CFLAR', 'TRP53', 'TNFRSF1A', 'TNFRSF1B', 'NFKBIB', 'IRF1', 'NFKBIA', 'TNFRSF21', 'MAPK10', 'IRF4', 'IRF5', 'IRF2', 'FAS', 'IRF3', 'BCL2', 'BAX', 'IRF6', 'IRF7', 'TNFRSF25', 'NFKBIE', 'HRK', 'RELA', 'DIABLO', 'TRADD', 'TRP63', 'TNF', 'CASP8', 'BCL2L11', 'CASP9', 'CASP6', 'CASP7', 'CASP4', 'MYC', 'AKT1', 'CASP2', 'CASP3', 'FADD', 'CASP1', 'RIPK1', 'BOK', 'MCL1', 'MAP2K4', 'DFFB', 'HELLS', 'DFFA', 'CHUK', 'BNIP3L', 'TRAF1', 'GZMC', 'IGF1', 'TRAF3', 'TNFRSF10B', 'TRAF2', 'TRP73', 'IGF2', 'NFKB1', 'FASL', 'PIK3R1', 'XIAP', 'BCL2L1', 'BIRC5', 'LOC105242493', 'LTA', 'BIRC2', 'BIRC3', 'MDM2', 'BCL2L2', 'PRF1', 'IGF1R', 'IKBKB', 'BAK1', 'PMAIP1', 'TNFSF10', 'IKBKG', 'BID', 'Na']
BMP Signaling Pathway in Eyelid Development WP3663	['NOTCH1', 'FOXC2', 'MAP3K1', 'SMAD5', 'JUN', 'FOXC1', 'SMAD4', 'SMAD1', 'TGFA', 'INHBB', 'DKK2', 'SFRP1', 'EGFR', 'BMP4', 'MAPK9', 'SHH', 'MAPK3', 'FGF10', 'PITX2', 'FGFR2', 'Na']
Biogenic Amine Synthesis WP522	['ACHE', 'PNMT', 'TPH1', 'DDC', 'GAD2', 'MAOA', 'ASMT', 'GAD1', 'HDC', 'DBH', 'CHAT', 'COMT', 'AANAT', 'TH', 'PAH', 'Na']
Blood Clotting Cascade WP460	['FGB', 'SERPINB2', 'FGG', 'F11', 'VWF', 'F10', 'SERPINE1', 'SERPINF2', 'F12', 'PLAU', 'F2', 'PLAT', 'PLG', 'F5', 'F8A', 'F7', 'F8', 'F9', 'F13B', 'FGA', 'Na']
Calcium Regulation in the Cardiac Cell WP553	['ATP1B3', 'ATP1B2', 'ATP1B1', 'CALM3', 'RGS19', 'CHRM3', 'RGS18', 'CHRM4', 'CHRM1', 'CHRM2', 'ADCY1', 'RGS14', 'CHRM5', 'RGS17', 'RGS16', 'ADCY5', 'ATP1A4', 'ADCY4', 'ADCY3', 'ADCY2', 'ADCY9', 'ADCY8', 'ADCY7', 'ADCY6', 'GNG2', 'GNG4', 'GNG3', 'GNG5', 'GNG8', 'GNG7', 'RGS20', 'PRKCH', 'PRKCG', 'PRKCD', 'PRKCE', 'PRKCB', 'PRKCA', 'GJB1', 'CACNB3', 'PRKCZ', 'GJB3', 'GJB2', 'GNB1', 'GJB5', 'GJB4', 'PRKAR1B', 'GNB3', 'PKIB', 'PRKAR1A', 'PKIA', 'GNB2', 'GJB6', 'GNAQ', 'GNB5', 'PRKD1', 'GNAS', 'GNB4', 'CASQ1', 'PRKCQ', 'CASQ2', 'PKIG', 'GNAZ', 'CACNB1', 'CACNA1A', 'CACNA1C', 'CACNA1B', 'CACNA1E', 'CACNA1D', 'RGS5', 'RGS6', 'RGS3', 'GNG11', 'RGS4', 'GJA1', 'RGS1', 'GJA4', 'RGS2', 'GJA3', 'PRKAR2B', 'GJA5', 'PRKAR2A', 'CACNA1S', 'GJA8', 'CDK5RAP2', 'SFN', 'PRKACB', 'RGS9', 'RGS7', 'KCNJ5', 'KCNB1', 'ANXA6', 'GNG13', 'GNG12', 'GJD2', 'GNAO1', 'FXYD2', 'CAMK4', 'CAMK1', 'CALR', 'YWHAG', 'YWHAE', 'YWHAB', 'ITPR2', 'ITPR3', 'ADRB1', 'ADRB2', 'ADRA1D', 'ADRB3', 'ADRA1B', 'ADRA1A', 'ITPR1', 'GJC2', 'GNGT1', 'GJC1', 'GRK4', 'GRK6', 'GRK5', 'YWHAQ', 'YWHAH', 'ATP2B3', 'ATP2B2', 'ATP2B1', 'YWHAZ', 'FKBP1A', 'RGS11', 'RGS10', 'LOC102641276', 'PLCB3', 'RYR2', 'RYR3', 'CAMK2D', 'RYR1', 'CAMK2A', 'CAMK2B', 'ATP2A3', 'ATP2A2', 'ARRB2', 'GNAI1', 'SLC8A1', 'GNAI2', 'GNAI3', 'SLC8A3', 'PLN', 'GNA11', 'ARRB1', 'CAMK2G', 'KCNJ3', 'Na']
Chemokine signaling pathway WP2292	['CXCL10', 'CXCL11', 'CXCL12', 'CXCL13', 'ELMO1', 'GM13306', 'NCF1', 'PF4', 'RAF1', 'RELA', 'ROCK1', 'ADCY1', 'ROCK2', 'ADCY5', 'ADCY4', 'ADCY3', 'PRKX', 'ADCY2', 'CXCL14', 'ADCY9', 'CXCL15', 'FOXO3', 'ADCY8', 'ADCY7', 'CXCL16', 'ADCY6', 'GNG2', 'CRKL', 'NRAS', 'GNG4', 'PAK1', 'GNG3', 'GNG5', 'AKT3', 'PREX1', 'GNG8', 'GNG7', 'AKT1', 'AKT2', 'XCR1', 'STAT5B', 'PRKCD', 'MAP2K1', 'PPBP', 'PARD3', 'PRKCB', 'NFKB1', 'PTK2', 'GM1987', 'PRKCZ', 'GNB1', 'PIK3R1', 'GNB3', 'GNB2', 'GNB5', 'GNB4', 'GRB2', 'PXN', 'CCL27A', 'CCR1L1', 'RASGRP2', 'GNG11', 'GNG10', 'CCL27B', 'GM2023', 'PRKACB', 'PRKACA', 'CCR10', 'CCL26', 'CCR2', 'LYN', 'CCL25', 'RHOA', 'CCR1', 'CCL24', 'CCL22', 'CCL20', 'XCL1', 'BRAF', 'GNG13', 'GNG12', 'VAV1', 'VAV2', 'VAV3', 'NFKBIB', 'LOC100041593', 'NFKBIA', 'LOC100861978', 'PIK3CB', 'PIK3CA', 'SOS2', 'DOCK2', 'ITK', 'CCL28', 'BCAR1', 'SOS1', 'SHC3', 'GSK3B', 'SHC4', 'CXCL9', 'GSK3A', 'SHC1', 'SHC2', 'PIK3R5', 'PIK3R3', 'CXCL2', 'CXCL1', 'PIK3R2', 'CX3CL1', 'CXCL5', 'GNGT2', 'GRK2', 'GNGT1', 'GRK1', 'RAP1A', 'GRK4', 'RAP1B', 'GRK6', 'GRK5', 'LOC105242482', 'CCR9', 'CCR8', 'CCR7', 'CCR6', 'CCL21A', 'CCR5', 'CCR4', 'LOC100041504', 'CCL21C', 'CCR3', 'LOC105242483', 'STAT1', 'STAT2', 'CHUK', 'STAT3', 'HCK', 'TIAM1', 'CDC42', 'FGR', 'TIAM2', 'PLCB4', 'CRK', 'GM5741', 'KRAS', 'GM21541', 'LOC102641276', 'PLCB2', 'PLCB3', 'PLCB1', 'CCL12', 'CCL11', 'CX3CR1', 'CXCR6', 'CXCR5', 'WAS', 'PIK3CD', 'WASL', 'ARRB2', 'GNAI1', 'GNAI2', 'GNAI3', 'PIK3CG', 'IKBKB', 'GM2506', 'CCL9', 'CXCR2', 'CCL8', 'CXCR1', 'ARRB1', 'CCL7', 'CXCR4', 'CCL6', 'CXCR3', 'CCL5', 'MAPK3', 'CCL4', 'PTK2B', 'CCL3', 'RAC1', 'CCL2', 'MAPK1', 'HRAS', 'RAC2', 'CCL1', 'CSK', 'CCL19', 'JAK3', 'IKBKG', 'CCL17', 'JAK2', 'Na']
Cholesterol Biosynthesis WP103	['FDPS', 'MVK', 'IDI1', 'HMGCS1', 'LSS', 'HMGCR', 'MSMO1', 'CYP51', 'SQLE', 'NSDHL', 'PMVK', 'SC5D', 'MVD', 'DHCR7', 'FDFT1', 'Na']
Cholesterol metabolism (includes both Bloch and Kandutsch-Russell pathways) WP4346	['MYLIP', 'ACSL3', 'HMGCS2', 'HMGCS1', 'ACSL1', 'DHCR24', 'ACSL4', 'CYP51', 'SOAT2', 'SOAT1', 'ACOT2', 'ABCG1', 'ACOT1', 'DHCR7', 'IDI1', 'IDI2', 'HSD17B7', 'CH25H', 'PMVK', 'SC5D', 'LBR', 'FDFT1', 'FDPS', 'SREBF1', 'ELOVL2', 'SREBF2', 'ABCA1', 'ELOVL5', 'NR1H3', 'ELOVL3', 'NR1H2', 'ELOVL4', 'GGPS1', 'LSS', 'SQLE', 'CYP27A1', 'FASN', 'MVD', 'MVK', 'HMGCR', 'CYP46A1', 'MSMO1', 'TM7SF2', 'EBP', 'NSDHL', 'SCD1', 'SCD2', 'FADS2', 'FADS1', 'Na']
Complement Activation, Classical Pathway WP200	['C1QC', 'C1QB', 'C1QA', 'LOC102643089', 'C1RA', 'MASP1', 'C8A', 'C8B', 'C2', 'C3', 'C4B', 'C6', 'C7', 'C1S1', 'C9', 'HC', 'CD55', 'Na']
Complement and Coagulation Cascades WP449	['C1RA', 'F11', 'F10', 'F12', 'SERPIND1', 'CD55B', 'CR1L', 'HC', 'KLKB1', 'MASP1', 'SERPINE1', 'C3AR1', 'PROS1', 'TFPI', 'SERPINA5', 'KNG1', 'C8G', 'C4B', 'C1S1', 'BDKRB1', 'FGB', 'CR2', 'F2R', 'VWF', 'SERPINF2', 'F2', 'PLAUR', 'F3', 'F5', 'F7', 'PROC', 'F8', 'F9', 'SERPING1', 'F13B', 'MASP2', 'CD46', 'CFB', 'C1QC', 'C4BP', 'C1QB', 'CFD', 'C1QA', 'LOC102643089', 'CPB2', 'SERPINC1', 'CFI', 'C5AR1', 'CFH', 'PLAU', 'PLAT', 'PLG', 'C2', 'C3', 'THBD', 'C6', 'C7', 'CD59A', 'C9', 'A2M', 'MBL1', 'CD55', 'Na']
Cytokines and Inflammatory Response WP222	['TGFB1', 'IL11', 'IL10', 'H2-EB1', 'IL15', 'IL13', 'IL3', 'IL2', 'IL1A', 'IL5', 'IL1B', 'IL4', 'IL7', 'IL6', 'CD4', 'IFNG', 'CSF3', 'CSF2', 'CSF1', 'IFNA1', 'PDGFA', 'TNF', 'CXCL1', 'CXCL3', 'IFNB1', 'IL12B', 'IL12A', 'Na']
Cytoplasmic Ribosomal Proteins WP163	['RPS8', 'RPL22', 'RPL21', 'RPS6', 'RPL24', 'RPS7', 'RPL13A', 'RPSA', 'RPL34-PS1', 'RPL37A', 'GM7429', 'RPL26', 'FAU', 'LOC102642864', 'RPL28', 'RPL37RT', 'RPL27', 'RPL29', 'GM6570', 'GM10045', 'RPL11', 'RPL10', 'RPL13', 'RPL32L', 'RPL12', 'RPL36A', 'RPL15', 'RPS5', 'RPS2', 'RPL17', 'RPS3', 'RPL19', 'RPS15A', 'RPL18', 'RPS27A', 'LOC102642137', 'RPL41', 'RPL35A', 'RPL23A', 'RPS27', 'RPS26', 'RPS29', 'RPS28', 'RPS6KB2', 'RPL27A', 'RPS3A1', 'LOC102642689', 'RPS21', 'LOC102642602', 'RPS20', 'GM5621', 'RPS23', 'RPS25', 'RPS24', 'RPL6', 'RPL31', 'RPL3', 'RPL4', 'RPL30', 'RPLP0', 'RPL32', 'RPL35', 'RPLP2', 'RPL34', 'RPLP1', 'RPL10A', 'RPL9', 'RPL7', 'RPL8', 'RPS16', 'RPS4X', 'RPS15', 'LOC105244208', 'RPS18', 'RPS17', 'RPL18A', 'RPS6KA1', 'RPS19', 'RPS6KA3', 'RPS6KA2', 'GM6109', 'RPL37', 'RPL36', 'RPL39', 'RPS10', 'RPL38', 'RPS12', 'RPS11', 'RPL7A', 'RPS14', 'LOC102642752', 'RPS13', 'Na']
DNA Replication WP150	['CDT1', 'RFC4', 'RFC5', 'RFC2', 'RFC3', 'RFC1', 'RPA2', 'RPA3', 'RPA1', 'CDC7', 'CDC6', 'POLA1', 'POLA2', 'DBF4', 'POLE2', 'CDK2', 'MCM4', 'MCM5', 'MCM6', 'MCM7', 'UBA52', 'MCM2', 'MCM3', 'PCNA', 'GMNN', 'PRIM2', 'PRIM1', 'MCM10', 'POLD4', 'ORC6', 'ORC5', 'POLE', 'CDC45', 'UBC', 'ORC2', 'POLD1', 'ORC1', 'POLD2', 'ORC4', 'POLD3', 'ORC3', 'Na']
Delta-Notch Signaling Pathway WP265	['PSENEN', 'FBXW7', 'EGF', 'JUN', 'TLE1', 'RING1', 'TRP53', 'SAP30', 'RBX1', 'NFKBIA', 'NCOR1', 'NCOR2', 'MFNG', 'CDK2', 'NUMB', 'CNTN1', 'LEF1', 'CNTFR', 'APP', 'RELA', 'GSK3B', 'CNTF', 'MAML3', 'MAML2', 'MAML1', 'DTX1', 'PIK3R2', 'DLL1', 'EGFR', 'DLL4', 'ASCL1', 'APH1B', 'YY1', 'AKT1', 'CIR1', 'MAGEA1', 'HES1', 'CCN3', 'NUMBL', 'NCSTN', 'HES6', 'HES5', 'SMAD3', 'JAG1', 'JAG2', 'SPEN', 'MEF2C', 'SMAD4', 'STAT3', 'SMAD1', 'ADAM10', 'ITCH', 'WDR12', 'LCK', 'ZFPM1', 'SNW1', 'ADAM17', 'PIK3R1', 'TCF3', 'NOTCH3', 'NOTCH4', 'NOTCH1', 'NOTCH2', 'HDAC1', 'FURIN', 'HDAC2', 'FHL1', 'CUL1', 'PSEN1', 'PSEN2', 'RBPJ', 'LFNG', 'SKP1A', 'POFUT1', 'HEY2', 'HEY1', 'SIN3A', 'EP300', 'MAPK3', 'MAPK1', 'HIVEP3', 'SKP2', 'JAK2', 'Na']
Dopaminergic Neurogenesis WP1498	['TGFB1', 'STAT3', 'EN1', 'EN2', 'NR4A2', 'TH', 'LMX1B', 'ALDH1A1', 'LMX1A', 'NEUROG2', 'FOXA2', 'RET', 'CDKN1C', 'DDC', 'GLI2', 'SLC6A3', 'GLI1', 'ASCL1', 'FGF8', 'SOX2', 'SHH', 'GBX2', 'NKX2-2', 'MSX1', 'OTX2', 'WNT1', 'PITX3', 'NKX6-1', 'SLC18A2', 'NEUROD1', 'Na']
Dysregulated miRNA Targeting in Insulin/PI3K-AKT Signaling WP3855	['BAD', 'MTOR', 'COL1A2', 'COL1A1', 'COL3A1', 'RHEB', 'PIK3R1', 'COL4A2', 'FASN', 'COL5A3', 'BCL2', 'EXOC7', 'EIF4E2', 'RAF1', 'SOS1', 'CDKN1B', 'PIK3R3', 'PRKX', 'ACACA', 'CRKL', 'BCL2L11', 'SOCS1', 'CCND2', 'PRKAR2A', 'MAPK3', 'FLOT2', 'Na']
EBV LMP1 signaling WP1243	['MAP3K3', 'RELA', 'HSP90AA1', 'CHUK', 'CCL20', 'TRADD', 'TRAF1', 'TNF', 'NFKB1', 'NFKB2', 'IKBKB', 'MAPK8', 'TRAF6', 'IRAK1', 'CCL5', 'LOC105242493', 'IFNB1', 'MAPK1', 'MAP3K7', 'IKBKG', 'MAP3K14', 'PDLIM7', 'Na']
EDA Signalling in Hair Follicle Development WP3652	['EDA', 'EDARADD', 'RELA', 'ASCC1', 'PTCH1', 'DKK1', 'NFKB1', 'GLI1', 'RELB', 'NFKB2', 'DKK4', 'EDAR', 'SHH', 'BMP1', 'SOSTDC1', 'LTB', 'REL', 'WNT3', 'Na']
EGFR1 Signaling Pathway WP572	['MAP3K3', 'MAP3K4', 'RALBP1', 'EGF', 'MAP3K1', 'MAP3K2', 'KRT8', 'KRT7', 'MAPK14', 'EEF1A1', 'DOK2', 'HAT1', 'ABI1', 'PTPN5', 'PTPN6', 'RAF1', 'STXBP1', 'RALB', 'USP6NL', 'ATF1', 'CTNND1', 'RGS16', 'PEBP1', 'CBLC', 'INPPL1', 'ARAF', 'CBLB', 'EGFR', 'FOXO1', 'CRKL', 'NRAS', 'PAK1', 'MTA2', 'SNRPD2', 'ASAP1', 'GRB14', 'MYC', 'AKT1', 'RBBP7', 'GRB10', 'SHOC2', 'SNCA', 'REPS1', 'REPS2', 'SMAD3', 'STAT5B', 'KLF11', 'MAP2K5', 'TGIF1', 'SMAD2', 'JUND', 'MAP2K2', 'MAP2K3', 'PRKCI', 'MAP2K1', 'TNK2', 'RFXANK', 'PRKCB', 'PTK6', 'PRKCA', 'CREB1', 'PRKCZ', 'PLSCR1', 'WNK1', 'PIK3R1', 'PRKAR1A', 'PRKD1', 'GRB2', 'MAP3K14', 'RAB5A', 'GRB7', 'PXN', 'SH3KBP1', 'PITPNA', 'ELK1', 'ELK4', 'EPS8', 'HIST1H3A', 'GJA1', 'HIST1H3G', 'HIST1H3H', 'PLCG1', 'HIST1H3I', 'PLCG2', 'STAT5A', 'SH3GL2', 'MAP2K7', 'JUN', 'DUSP1', 'SH2D3C', 'CAV2', 'CAV1', 'GAB2', 'PTPN11', 'GAB1', 'PTPN12', 'EPS15L1', 'TNIP1', 'DNM1', 'EPN1', 'VAV1', 'VAV2', 'VAV3', 'RASA1', 'SP1', 'ELF3', 'CEACAM1', 'PIK3CB', 'KRT18', 'PIK3CA', 'KRT17', 'SOS2', 'PLEC', 'BCAR1', 'SOS1', 'ARF4', 'YWHAB', 'SHC1', 'PTPRR', 'PIK3R3', 'PIK3R2', 'PLD2', 'PLD1', 'GM12260', 'SOCS3', 'SOCS1', 'CASP9', 'SH3BGRL', 'EPS15', 'RIPK1', 'RALGDS', 'STAT1', 'MCF2', 'STAT2', 'STAT3', 'FOS', 'ITCH', 'CDC42', 'SPRY2', 'CRK', 'PKN2', 'KRAS', 'ZPR1', 'ERRFI1', 'HIP1', 'CEBPA', 'CEBPB', 'SRC', 'HDAC1', 'NDUFA13', 'HTT', 'CAMK2A', 'PIK3CD', 'WASL', 'AP2A1', 'PIK3C2B', 'CBL', 'PIK3CG', 'RPS6KA5', 'MAPK8', 'RPS6KA1', 'SIN3A', 'RPS6KA3', 'RPS6KA2', 'MAPK3', 'PTK2B', 'RAC1', 'MAPK1', 'HRAS', 'CSK', 'MAPK7', 'APPL1', 'JAK1', 'NCK1', 'NCK2', 'APPL2', 'GIT1', 'JAK2', 'Na']
EPO Receptor Signaling WP1249	['STAT5B', 'MAP2K2', 'STAT1', 'CISH', 'MAP2K1', 'STAT3', 'EPOR', 'RASA1', 'PTPRC', 'GRB2', 'RAF1', 'SOS1', 'PTPRU', 'SRC', 'EPO', 'IRS1', 'SHC1', 'IRS2', 'PIK3CG', 'SOCS1', 'AKT1', 'MAPK3', 'MAPK1', 'PDK1', 'STAT5A', 'JAK2', 'Na']
ESC Pluripotency Pathways WP339	['ACVR1', 'PDGFRB', 'EGF', 'PDGFRA', 'WNT5A', 'WNT5B', 'LIFR', 'SELENOP', 'MAPK12', 'APC', 'IL6ST', 'RAF1', 'LRP6', 'LRP5', 'ARAF', 'EGFR', 'AKT3', 'MYC', 'AKT1', 'FGF21', 'AKT2', 'FGF20', 'FGF23', 'FGF22', 'FZD2', 'FZD1', 'MAP2K5', 'FZD4', 'MAP2K2', 'SMAD5', 'WNT10B', 'WNT10A', 'MAP2K3', 'FZD3', 'SMAD4', 'WNT3A', 'FZD6', 'FZD5', 'MAP2K1', 'FZD8', 'SMAD1', 'FZD7', 'FZD9', 'SMAD7', 'SMAD6', 'SMAD9', 'FGF18', 'FGF17', 'FGF16', 'FGF15', 'HNF1A', 'FGFR1', 'FGF10', 'GRB2', 'FGF14', 'FGFR4', 'FGF13', 'FGFR3', 'FGF12', 'FGFR2', 'MDM2', 'FGF11', 'WNT2B', 'PDGFB', 'PDGFA', 'FGF1', 'FGF2', 'ELK1', 'FGF3', 'FGF4', 'FGF5', 'FGF6', 'FGF7', 'FGF8', 'FGF9', 'MAP2K6', 'ACTR2', 'JUN', 'PTPN11', 'GAB1', 'LIF', 'AXIN1', 'BRAF', 'WNT9B', 'WNT16', 'BMP4', 'ERAS', 'BMPR1A', 'BMPR1B', 'SOS1', 'BMPR2', 'GSK3B', 'PIK3R2', 'WNT6', 'WNT11', 'DVL1', 'DVL2', 'DVL3', 'LOC105242481', 'WNT1', 'WNT2', 'WNT3', 'WNT4', 'NOG', 'STAT3', 'WNT7A', 'FOS', 'WNT7B', 'MTOR', 'CTNNB1', 'PTEN', 'PIK3CD', 'MAPK1', 'HRAS', 'MAPK7', 'MAPK6', 'JAK1', 'MAPK4', 'Na']
Eicosanoid Lipid Synthesis Map WP4335	['PGS1', 'ALOX5', 'PLA2G4A', 'PLA2G4B', 'PLA2G5', 'PLA2G6', 'PTGES', 'PTGS2', 'PTGDS', 'Na']
Eicosanoid Synthesis WP318	['PTGIS', 'PTGES2', 'PNPLA8', 'ALOX15', 'ALOX5AP', 'ALOX12', 'PLA2G6', 'PTGS1', 'PTGS2', 'LTC4S', 'ALOX8', 'TBXAS1', 'ALOX5', 'DPEP1', 'LTA4H', 'GGT1', 'PTGES', 'PTGDS', 'Na']
Eicosanoid metabolism via Cyclo Oxygenases (COX) WP4347	['PTGIS', 'PTGIR', 'CYP4A10', 'PLA2G4A', 'PLA2G4B', 'PTGR2', 'FAM213B', 'CYP4F14', 'PTGR1', 'CYP4F18', 'ACOX3', 'ACOX2', 'TBXAS1', 'ACOX1', 'PTGES', 'PPARD', 'PTGFR', 'CYP4A12A', 'CYP4A12B', 'PTGDR2', 'HPGD', 'ACAA1A', 'AKR1B3', 'EHHADH', 'PLA2G5', 'PLA2G6', 'PTGS1', 'PTGS2', 'TBXA2R', 'PTGDR', 'PTGDS', 'Na']
Eicosanoid metabolism via Cytochrome P450 Mono-Oxygenases (CYP) pathway WP4349	['CYP4A12A', 'CYP4A12B', 'CYP2J5', 'PPARA', 'CYP4A10', 'EPHX2', 'CYP4F14', 'CYP2C29', 'CYP2C39', 'CYP2C38', 'CYP2C37', 'CYP4F18', 'CYP2C23', 'CYP2C55', 'CYP2C54', 'CYP2C40', 'Na']
Eicosanoid metabolism via Lipo Oxygenases (LOX) WP4348	['GGT5', 'PPARA', 'CYP4A10', 'TRPA1', 'TRPV1', 'PTGR2', 'CYP4F14', 'PTGR1', 'CYP4F18', 'ACOX3', 'ACOX2', 'ACOX1', 'LTB4R1', 'LTB4R2', 'DPEP2', 'DPEP1', 'PPARD', 'CYP4A12A', 'CYP4A12B', 'HPGD', 'ACAA1A', 'ALOX15', 'FPR2', 'EHHADH', 'ALOX12', 'LTC4S', 'CYSLTR2', 'ALOX8', 'CYSLTR1', 'ALOX5', 'LTA4H', 'GGT1', 'Na']
Electron Transport Chain WP295	['SDHD', 'SDHB', 'SDHC', 'SDHA', 'UQCRQ', 'SCO1', 'UQCRC2', 'UQCRC1', 'NDUFB10', 'UCP2', 'UQCR10', 'ATP5A1', 'UCP1', 'UQCR11', 'COX6A2', 'COX6A1', 'ATP5J2', 'UCP3', 'NDUFV3', 'NDUFV2', 'NDUFV1', 'COX8A', 'SURF1', 'COX7A2L', 'ND2', 'ND1', 'ND4', 'ND3', 'ND6', 'ND5', 'COX17', 'ATP8', 'UQCRB', 'ATP6', 'ATP5C1', 'COX7A1', 'COX7A2', 'UQCRH', 'COX3', 'COX15', 'COX2', 'COX1', 'LOC102641347', 'ATPIF1', 'NDUFC2', 'NDUFC1', 'ATP5F1', 'COX6C', 'NDUFS8', 'NDUFS7', 'NDUFS6', 'NDUFS5', 'NDUFS4', 'NDUFS3', 'NDUFS2', 'NDUFS1', 'CYTB', 'ATP5S', 'SLC25A4', 'NDUFB9', 'COX7B', 'NDUFB7', 'NDUFB6', 'NDUFB5', 'NDUFB4', 'NDUFB3', 'ATP5L', 'ATP5K', 'NDUFB2', 'ATP5J', 'ATP5O', 'ATP5D', 'ATP5B', 'ATP5H', 'NDUFB4B', 'ATP5E', 'NDUFB4C', 'UQCRFS1', 'COX4I1', 'LOC102641600', 'NDUFA9', 'NDUFA8', 'NDUFA7', 'NDUFA6', 'NDUFA5', 'NDUFA4', 'NDUFA3', 'NDUFA2', 'NDUFA1', 'ND4L', 'COX6B1', 'NDUFAB1', 'SLC25A5', 'LOC102641678', 'LOC102641315', 'SLC25A14', 'COX5A', 'NDUFA12', 'NDUFA10', 'ATP5G3', 'COX5B', 'ATP5G2', 'SLC25A27', 'Na']
Endochondral Ossification WP1270	['TGFB1', 'TGFB2', 'HMGCS1', 'PTCH1', 'MMP9', 'BMP7', 'RUNX3', 'VEGFA', 'BMP6', 'RUNX2', 'MMP13', 'IFT88', 'MGP', 'ALPL', 'BMPR1A', 'CALM1', 'DDR2', 'IHH', 'PTH1R', 'GHR', 'FRZB', 'SCIN', 'CTSL', 'CHST11', 'AKT1', 'COL10A1', 'TIMP3', 'SPP1', 'STAT5B', 'SLC38A2', 'MEF2C', 'STAT1', 'IGF1', 'IGF2', 'FGF18', 'COL2A1', 'PTHLH', 'FGFR1', 'FGFR3', 'PTH', 'HDAC4', 'CDKN1C', 'THRA', 'CAB39', 'PLAU', 'PLAT', 'FGF2', 'IGF1R', 'GLI3', 'ACAN', 'ADAMTS5', 'ADAMTS4', 'ADAMTS1', 'CST10', 'ENPP1', 'KIF3A', 'SOX9', 'SERPINH1', 'SOX5', 'PRKACA', 'NKX3-2', 'SOX6', 'Na']
ErbB signaling pathway WP1261	['EGF', 'JUN', 'MAP2K1', 'BAD', 'GAB1', 'NRG1', 'NRG2', 'PRKCA', 'NRG3', 'MTOR', 'EREG', 'PTK2', 'BTC', 'NRG4', 'CRK', 'GRB2', 'HBEGF', 'SOS1', 'SRC', 'CDKN1B', 'GSK3B', 'CDKN1A', 'SHC2', 'CAMK2A', 'EIF4EBP1', 'PIK3R5', 'TGFA', 'CBLC', 'ARAF', 'AREG', 'ELK1', 'EGFR', 'MAPK8', 'ERBB4', 'AKT3', 'ERBB2', 'ERBB3', 'MYC', 'PLCG1', 'MAPK1', 'HRAS', 'ABL1', 'PAK4', 'NCK1', 'STAT5A', 'MAP2K7', 'Na']
Estrogen metabolism WP1264	['NQO1', 'UGT1A2', 'GSTM1', 'UGT1A1', 'UGT1A6A', 'COMT', 'SULT1A1', 'SULT1E1', 'GM3776', 'CYP1A2', 'GSTA1', 'CYP1A1', 'CYP1B1', 'UGT1A9', 'Na']
Estrogen signaling WP1244	['JUN', 'BRAF', 'GTF2F2', 'MAPK14', 'NCOR1', 'SP1', 'CDK7', 'PIK3CA', 'BCL2', 'SOS1', 'GTF2A2', 'SHC2', 'ILK', 'CCNH', 'LOC102641086', 'GTF2B', 'BRCA1', 'GTF2E1', 'GTF2E2', 'GNGT1', 'LOC100862456', 'CCND1', 'GPER1', 'AKT1', 'TBP', 'CREBBP', 'TAF13', 'MAP2K1', 'CHUK', 'TAF12', 'FOS', 'GTF2H1', 'GTF2H2', 'GTF2H3', 'ESR1', 'GTF2H4', 'NFKB1', 'CREB1', 'GNB1', 'ERCC2', 'ERCC3', 'TAF9', 'GNAS', 'TAF7', 'TAF6', 'GRB2', 'TAF5', 'MNAT1', 'HDAC5', 'HDAC6', 'SRC', 'HDAC3', 'HDAC4', 'HDAC1', 'HDAC2', 'AK6', 'ELK1', 'HDAC7', 'HDAC8', 'IKBKB', 'MAPK9', 'POLR2A', 'POLR2B', 'POLR2C', 'SIN3A', 'EP300', 'POLR2E', 'POLR2F', 'POLR2G', 'MAPK1', 'POLR2H', 'HRAS', 'POLR2I', 'POLR2J', 'IKBKG', 'POLR2K', 'PRKACA', 'Na']
Ethanol metabolism resulting in production of ROS by CYP2E1 WP4265	['MAFF', 'MAP2K2', 'SP1', 'MAPK8', 'PRKCD', 'MAP2K1', 'MAFG', 'MAFK', 'CYP2E1', 'NFE2L2', 'Na']
Eukaryotic Transcription Initiation WP567	['TBP', 'TAF13', 'TAF12', 'GTF2H1', 'GTF2H2', 'GTF2H3', 'GTF2F2', 'GTF2H4', 'POLR3B', 'CDK7', 'POLR1A', 'POLR3D', 'POLR1B', 'ERCC2', 'POLR3E', 'POLR1C', 'POLR1D', 'ERCC3', 'TAF9', 'POLR3H', 'TAF7', 'TAF6', 'POLR3K', 'TAF5', 'MNAT1', 'GTF2A2', 'ILK', 'CCNH', 'LOC102641086', 'GTF2B', 'AK6', 'GTF2E1', 'GTF2E2', 'POLR2A', 'POLR2B', 'LOC100862456', 'POLR2C', 'POLR2E', 'POLR2G', 'POLR2H', 'POLR2I', 'POLR2J', 'POLR2K', 'Na']
Exercise-induced Circadian Regulation WP544	['GSTM3', 'CBX3', 'HSPA8', 'NCOA4', 'ETV6', 'PIGF', 'PPP1R3C', 'IDI1', 'DAZAP2', 'BTG1', 'H2-DMA', 'ARNTL', 'TOB1', 'UGP2', 'PURA', 'UCP3', 'QK', 'SF3A3', 'ZFR', 'G0S2', 'RBPMS', 'NR1D1', 'NR1D2', 'GFRA1', 'TUBB4A', 'AZIN1', 'KLF9', 'PER2', 'DNAJA1', 'PSMA4', 'CLDN5', 'VAPA', 'PER1', 'CRY2', 'CRY1', 'TAB2', 'CLOCK', 'EIF4G2', 'MYF6', 'CEBPB', 'HIST1H2BN', 'NCKAP1', 'GSTP2', 'HERPUD1', 'PPP2CB', 'SUMO1', 'STBD1', 'SUMO3', 'ERC2', 'Na']
Factors and pathways affecting insulin-like growth factor (IGF1)-Akt signaling WP3675	['IGFBP2', 'SMAD3', 'IGFBP1', 'SMAD2', 'TRIM63', 'IGFBP6', 'IGFBP5', 'IGFBP4', 'IGFBP3', 'IGF1', 'PRKAB1', 'NFKB1', 'MTOR', 'TNFRSF1A', 'ACVR2B', 'RPS6KB1', 'JKAMP', 'TNFSF9', 'MSTN', 'ITGB1', 'IRS1', 'ILK', 'PTEN', 'TNF', 'PLD1', 'IGF1R', 'FOXO1', 'AKT1', 'IGFBP7', 'PDK1', 'PPARGC1A', 'Na']
Fatty Acid Beta Oxidation WP1269	['CPT1B', 'CPT1A', 'GK', 'ACSL3', 'TPI1', 'CHKB', 'ACSL1', 'ACSL6', 'ACSL5', 'ACSL4', 'HADHB', 'HADHA', 'GPD2', 'DLD', 'CRAT', 'PNPLA2', 'GCDH', 'ACADVL', 'ECI1', 'LPL', 'ACAT1', 'GK2', 'ECHS1', 'LIPC', 'LIPF', 'LIPE', 'ACADM', 'ACADL', 'CPT2', 'SLC25A20', 'ACSS2', 'HADH', 'DECR1', 'ACADS', 'Na']
Fatty Acid Biosynthesis WP336	['MECR', 'ACSL3', 'PCX', 'PECR', 'ECH1', 'ACSL1', 'ACSL6', 'ACSL5', 'ACSL4', 'ECHS1', 'ACACB', 'ACACA', 'ACLY', 'FASN', 'ECHDC1', 'ECHDC2', 'ECHDC3', 'SCD1', 'ACSS2', 'ACAA2', 'HADH', 'DECR1', 'Na']
Fatty Acid Omega Oxidation WP33	['ADH4', 'ALDH1A1', 'ALDH2', 'CYP1A2', 'CYP1A1', 'CYP2E1', 'ADH7', 'Na']
Fatty acid oxidation WP2318	['CPT1A', 'ACADVL', 'SLC25A29', 'ACADM', 'CPT2', 'MTTP', 'ECHS1', 'ACAA2', 'HADH', 'ACADS', 'Na']
Focal Adhesion-PI3K-Akt-mTOR-signaling pathway WP2841	['EGF', 'BAD', 'PPP2R1A', 'COL1A2', 'COL1A1', 'TCL1', 'LPAR6', 'TEK', 'MTCP1', 'ULK1', 'EPHA2', 'ATF2', 'PRKAA2', 'EPAS1', 'IL2RG', 'PRKAA1', 'GNG2', 'CREB3L1', 'GNG4', 'GNG3', 'CREB3L4', 'GNG5', 'CREB3L2', 'AKT3', 'GNG8', 'GNG7', 'CREB3L3', 'AKT1', 'KDR', 'AKT2', 'PPARGC1A', 'NGFR', 'INSR', 'CMC4', 'TCL1B1', 'IGF1', 'TCL1B4', 'PTK2', 'COL2A1', 'PIK3R1', 'KITL', 'GRB2', 'ATF4', 'INS1', 'INS2', 'PDGFC', 'LPAR2', 'LPAR3', 'PDGFB', 'PDGFA', 'LPAR4', 'LPAR5', 'HIF1A', 'LPAR1', 'GNG11', 'LIPE', 'PELO', 'GNG10', 'PDGFD', 'MLST8', 'STRADA', 'VEGFC', 'FN1', 'VEGFD', 'GNG13', 'GNG12', 'OSMR', 'VEGFA', 'VEGFB', 'COL3A1', 'CAB39L', 'PRL', 'HIF3A', 'ACACA', 'GNGT2', 'GNGT1', 'RAB11B', 'PPP2CA', 'COL4A1', 'KIT', 'COL4A2', 'COL4A4', 'COL4A6', 'LOC102641276', 'IFNA6', 'IFNA5', 'FOXA1', 'PHLPP1', 'CDKN1B', 'IFNA7', 'PHLPP2', 'IFNA2', 'CDKN1A', 'IFNA1', 'IFNA4', 'COL11A2', 'CAB39', 'IFNA9', 'GYS1', 'PPP2CB', 'GYS2', 'IKBKB', 'RPTOR', 'IFNAB', 'COL11A1', 'RAB8A', 'IFNB1', 'HRAS', 'JAK3', 'IKBKG', 'JAK1', 'JAK2', 'GH', 'PDGFRB', 'PDGFRA', 'PRLR', 'RAB2A', 'RPS6', 'OSM', 'TSC2', 'TSC1', 'ITGA10', 'COL5A2', 'COL5A1', 'ITGA11', 'COL5A3', 'RAF1', 'CSF3R', 'EPO', 'CHRM1', 'CHRM2', 'CSF3', 'TNXB', 'CRTC2', 'CSF1', 'ATF6B', 'ITGA2B', 'IL6RA', 'TNC', 'FOXO3', 'EGFR', 'EFNA5', 'HSP90B1', 'FOXO1', 'NRAS', 'COMP', 'TNN', 'RELN', 'TNR', 'FGF21', 'FGF20', 'SPP1', 'FGF22', 'SREBF1', 'IFNA13', 'IFNA14', 'MAP2K2', 'F2R', 'MAP2K1', 'HGF', 'PGF', 'EFNA2', 'CREB3', 'FGF18', 'FGF17', 'EFNA1', 'EIF4E1B', 'CREB1', 'EFNA4', 'FGF16', 'EFNA3', 'FGF15', 'GNB1', 'RHEB', 'GNB3', 'GNB2', 'IL4RA', 'COL6A2', 'FGFR1', 'FGF10', 'GNB4', 'FGF14', 'FGFR4', 'FGF13', 'IFNAR1', 'FGFR3', 'CREB5', 'PFKFB1', 'FGF12', 'IFNAR2', 'IFNA11', 'FGFR2', 'MDM2', 'FGF11', 'IL7R', 'CSF1R', 'PFKFB3', 'PFKFB2', 'PFKFB4', 'IRS1', 'IRS2', 'SLC2A1', 'EIF4EBP1', 'SLC2A2', 'SLC2A3', 'IRS3', 'SLC2A4', 'IRS4', 'FGF1', 'FGF2', 'FGF3', 'IGF1R', 'FGF4', 'VTN', 'FGF6', 'FGF7', 'STK11', 'LOC105244208', 'FGF8', 'FGF9', 'IBSP', 'CHAD', 'ANGPT4', 'HSP90AA1', 'ANGPT2', 'ITGA5', 'LAMB3', 'ITGA4', 'ANGPT1', 'ITGA3', 'ITGA2', 'PPP2R5C', 'PPP2R5B', 'LAMB2', 'PPP2R5E', 'PPP2R5D', 'LAMB1', 'PPP2R5A', 'IL2', 'PIK3CB', 'ITGAE', 'PIK3CA', 'ITGAD', 'AKT1S1', 'IL3RA', 'ITGA9', 'ITGA8', 'ITGA7', 'ITGA6', 'EIF4E2', 'SOS1', 'EIF4B', 'GSK3B', 'PIK3R5', 'LAMC1', 'PIK3R4', 'LAMC3', 'LAMC2', 'PIK3R2', 'ELAVL1', 'GHR', 'CASP9', 'LOC105242481', 'EIF4E', 'NOS3', 'VWF', 'PDPK1', 'PPP2R3A', 'PPP2R3C', 'NGF', 'MTOR', 'EPOR', 'TBC1D1', 'RAB10', 'PPP2R2D', 'RPS6KB2', 'RPS6KB1', 'IL2RA', 'PPP2R2C', 'CDC37', 'PIK3IP1', 'DDIT4', 'IL2RB', 'RAB14', 'MET', 'GM5741', 'KRAS', 'ITGB2', 'ITGB1', 'FLT1', 'ITGB6', 'HSP90AB1', 'LAMA3', 'LAMA2', 'FLT4', 'ITGB5', 'LAMA5', 'ITGB4', 'LAMA4', 'ITGB3', 'PTEN', 'THBS1', 'PIK3CD', 'LAMA1', 'PPP2R2B', 'PIK3C2G', 'PIK3C2B', 'THBS3', 'ITGAM', 'PIK3C2A', 'ITGAL', 'THBS2', 'PIK3CG', 'THBS4', 'PPP2R1B', 'MAPK3', 'ITGAX', 'NOS1', 'ITGB8', 'MAPK1', 'ITGAV', 'NOS2', 'ITGB7', 'LOC102641666', 'Na']
Focal Adhesion WP85	['PDGFRB', 'EGF', 'PDGFRA', 'BAD', 'ACTN1', 'COL1A2', 'SELENOP', 'ITGA10', 'MYL6', 'COL1A1', 'MAPK12', 'COL5A2', 'COL5A1', 'ITGA11', 'COL5A3', 'ZYX', 'TLN1', 'RAF1', 'ROCK1', 'ROCK2', 'TNXB', 'ITGA2B', 'TESK2', 'TNC', 'ARAF', 'EGFR', 'CRKL', 'ACTB', 'TNN', 'RELN', 'PAK2', 'CCND3', 'PAK1', 'CCND2', 'CCND1', 'TNR', 'AKT3', 'AKT1', 'FLNA', 'PAK7', 'AKT2', 'CAPN1', 'SPP1', 'PAK4', 'PAK3', 'PAK6', 'MAP2K5', 'SRMS', 'MAP2K2', 'MAP2K3', 'MAP2K1', 'HGF', 'TNK2', 'IGF1', 'PTK6', 'VASP', 'PGF', 'PTK2', 'COL2A1', 'DIAPH1', 'PIK3R1', 'COL6A2', 'GRB2', 'BIRC2', 'BIRC3', 'VCL', 'BLK', 'PXN', 'TXK', 'PDGFC', 'ACTG1', 'PDGFB', 'PDGFA', 'ELK1', 'VTN', 'MYLK', 'ARHGAP5', 'PELO', 'IBSP', 'PDGFD', 'TNK1', 'CHAD', 'PIP5K1C', 'MAP2K6', 'RHOA', 'PPP1R12A', 'JUN', 'ITGA5', 'LAMB3', 'ITGA4', 'CAV3', 'CAV2', 'ITGA3', 'CAV1', 'ITGA2', 'VEGFC', 'FN1', 'VEGFD', 'LAMB2', 'PARVB', 'BRAF', 'LAMB1', 'VAV1', 'RHOB', 'VEGFA', 'VEGFB', 'COL3A1', 'PIK3CB', 'ITGAE', 'PIK3CA', 'ITGAD', 'ITGA9', 'BCL2', 'ITGA8', 'ITGA7', 'RAPGEF1', 'ITGA6', 'DOCK1', 'BCAR1', 'SOS1', 'SHC3', 'GSK3B', 'SHC1', 'ILK', 'PIK3R5', 'LAMC1', 'PIK3R4', 'LAMC3', 'LAMC2', 'PIK3R2', 'RAP1A', 'RAP1B', 'ERBB2', 'FARP2', 'STYK1', 'VWF', 'PDPK1', 'HCK', 'CDC42', 'FGR', 'COL4A1', 'COL4A2', 'COL4A4', 'COL4A6', 'MET', 'CRK', 'MYLK2', 'ITGB2', 'ITGB1', 'SRC', 'FLT1', 'ITGB6', 'LAMA3', 'LAMA2', 'ITGB5', 'LAMA5', 'ITGB4', 'COL11A2', 'LAMA4', 'ITGB3', 'PTEN', 'THBS1', 'PIK3CD', 'LAMA1', 'THBS3', 'ITGAM', 'ITGAL', 'THBS2', 'PIK3CG', 'THBS4', 'MAPK9', 'MAPK8', 'RAC3', 'COL11A1', 'ITGAX', 'RAC1', 'ITGB8', 'MAPK1', 'RAC2', 'ITGAV', 'FYN', 'ITGB7', 'MAPK7', 'MAPK6', 'MAPK4', 'Na']
Folic Acid Network WP1273	['GPX1', 'PTGIS', 'GPX3', 'GPX2', 'GSR', 'GPX4', 'TXNRD2', 'TXNRD1', 'GPX6', 'MTHFR', 'MTR', 'KMO', 'SELENOK', 'CBS', 'CAT', 'ALOX5', 'PNPO', 'SELENOW', 'XDH', 'PTGES', 'FADS2', 'MSRB1', 'PTGDS', 'Na']
G1 to S cell cycle control WP413	['CDC25A', 'TRP53', 'POLA2', 'RBL1', 'CDK7', 'CDK6', 'POLE2', 'CDK4', 'CCNG2', 'CDK2', 'MCM4', 'MCM5', 'ATM', 'CDK1', 'MCM6', 'MCM7', 'MCM2', 'MCM3', 'PCNA', 'RB1', 'CCNH', 'ORC6', 'ORC5', 'CCND3', 'CCND2', 'ORC2', 'CCND1', 'ORC1', 'ORC4', 'E2F1', 'MYC', 'ORC3', 'E2F2', 'E2F3', 'E2F4', 'E2F5', 'E2F6', 'CDKN2C', 'CDKN2D', 'CDKN2A', 'CDKN2B', 'GADD45A', 'RPA2', 'RPA3', 'RPA1', 'WEE1', 'CCNA1', 'TFDP1', 'TFDP2', 'CCNE2', 'CCNE1', 'MNAT1', 'MDM2', 'CDKN1B', 'CDKN1C', 'CDKN1A', 'PRIM2', 'PRIM1', 'PKMYT1', 'POLE', 'CDC45', 'Na']
G13 Signaling Pathway WP298	['RHOA', 'MAP3K4', 'LIMK1', 'TNK2', 'MYBPH', 'CIT', 'CDC42', 'PPP1CB', 'DIAPH1', 'MAPK10', 'MYL1', 'PIK3CB', 'RPS6KB1', 'PIK3CA', 'PKN1', 'PFN1', 'CALM1', 'RTKN', 'ROCK1', 'ROCK2', 'ARHGEF1', 'SRA1', 'WAS', 'PIK3CD', 'WASL', 'IQGAP1', 'IQGAP2', 'PIK3R2', 'ARHGDIG', 'SH3RF1', 'ARHGDIB', 'GNA13', 'CFL2', 'PIP4K2A', 'RHPN2', 'CFL1', 'RAC1', 'APBB3', 'PAK3', 'Na']
GPCRs, Class A Rhodopsin-like WP189	['TRHR', 'GPR37L1', 'HTR5B', 'OLFR715', 'OLFR957', 'OLFR714', 'OLFR959', 'HTR5A', 'OLFR716', 'GCAT', 'OLFR711', 'OLFR710', 'OLFR713', 'OLFR955', 'OLFR954', 'OLFR156', 'OLFR159', 'OLFR951', 'AGTR2', 'OLFR155', 'OLFR151', 'RRH', 'C3AR1', 'OLFR707', 'OLFR704', 'OLFR703', 'OLFR945', 'OLFR706', 'OLFR948', 'OLFR705', 'OLFR944', 'OLFR701', 'OLFR943', 'OLFR146', 'OLFR145', 'OLFR148', 'NTSR1', 'OLFR143', 'NTSR2', 'PTGDR', 'NMBR', 'AVPR1A', 'AVPR1B', 'MC1R', 'OLFR971', 'CCKBR', 'OLFR970', 'OLFR972', 'PTGFR', 'NPY6R', 'OXTR', 'CCR1L1', 'OLFR968', 'HTR6', 'GRPR', 'OLFR19', 'HTR4', 'OLFR6', 'OLFR17', 'OLFR15', 'HTR7', 'OLFR16', 'OLFR2', 'OLFR960', 'OLFR1537', 'GALR3', 'GALR2', 'OLFR961', 'GALR1', 'CMKLR1', 'OLFR160', 'CCR2', 'CCR1', 'GABBR1', 'GPR12', 'AGTR1A', 'AGTR1B', 'MC3R', 'OLFR27', 'OLFR1532-PS1', 'FSHR', 'GPR19', 'OPRD1', 'GPR27', 'PTGDR2', 'FPR2', 'FPR1', 'ADRB1', 'ADRB2', 'ADRB3', 'FPR3', 'BRS3', 'MC2R', 'CCKAR', 'CCR9', 'CCR8', 'CCR6', 'CCR5', 'CCR4', 'CCR3', 'P2RY13', 'P2RY14', 'GPR37', 'P2RY12', 'GPR35', 'GPR33', 'GPR34', 'GPR3', 'OLFR938', 'OLFR934', 'OLFR937', 'OLFR930', 'OLFR933', 'MAS1', 'OLFR49', 'OLFR44', 'MC5R', 'F2RL1', 'F2RL2', 'AVP', 'RGR', 'F2RL3', 'PTGER1', 'PTGER2', 'PTGER3', 'PTAFR', 'GPR45', 'PTGER4', 'CXCR5', 'OLFR926', 'CXCR2', 'CXCR4', 'CXCR3', 'MC4R', 'RHO', 'OLFR242', 'OLFR480', 'NPY1R', 'GPR50', 'MTNR1A', 'LTB4R1', 'APLNR', 'CHRM3', 'CHRM4', 'CHRM1', 'CHRM2', 'SUCNR1', 'GPR65', 'GPR63', 'CYSLTR1', 'CCRL2', 'ADORA3', 'OLFR71', 'OLFR70', 'OPN3', 'OPN4', 'F2R', 'ADRA2C', 'ADRA2B', 'ADRA2A', 'OPN1MW', 'NMUR1', 'C5AR1', 'GPR87', 'GPR83', 'HCAR2', 'NPY5R', 'HTR1F', 'AVPR2', 'HTR1D', 'HTR1B', 'OPRM1', 'SSTR1', 'SSTR2', 'HTR1A', 'SSTR3', 'SSTR4', 'SSTR5', 'TRHR2', 'OLFR876', 'OLFR878', 'TMIGD3', 'ADORA2B', 'OLFR874', 'ADORA2A', 'OLFR870', 'OPN1SW', 'NPY4R', 'HTR2C', 'HTR2A', 'HTR2B', 'OXT', 'ADRA1D', 'OPRL1', 'ADRA1B', 'ADRA1A', 'OLFR749', 'HRH2', 'P2RY6', 'HRH1', 'TBXA2R', 'P2RY4', 'BDKRB1', 'P2RY2', 'GPER1', 'P2RY1', 'BDKRB2', 'DRD3', 'FPR-RS4', 'DRD4', 'FPR-RS3', 'LHCGR', 'PTGIR', 'OPRK1', 'TSHR', 'OLFR894', 'OLFR893', 'ACKR3', 'ACKR2', 'NPY2R', 'CX3CR1', 'TCP10B', 'OLFR887', 'OLFR889', 'EDNRB', 'OLFR888', 'CNR2', 'CNR1', 'Na']
GPCRs, Class B Secretin-like WP456	['CRHR1', 'CALCRL', 'GIPR', 'VIPR2', 'VIPR1', 'GLP2R', 'GCGR', 'GLP1R', 'PTH1R', 'SCTR', 'PTH2R', 'ADCYAP1R1', 'CRHR2', 'GHRHR', 'CALCR', 'ADGRG2', 'ADGRE1', 'ADGRE5', 'ADGRL1', 'ADGRL2', 'ADGRL3', 'ADGRL4', 'Na']
GPCRs, Class C Metabotropic glutamate, pheromone WP327	['GABBR2', 'CASR', 'GABBR1', 'GRM2', 'GRM1', 'GPRC5A', 'GRM4', 'GRM3', 'GRM6', 'GPRC5C', 'GRM5', 'GPRC5B', 'GRM8', 'GRM7', 'GPRC5D', 'Na']
GPCRs, Other WP41	['GPR37L1', 'MTNR1B', 'GPR165', 'GPR162', 'LTB4R2', 'OLFR395', 'OLFR394', 'OLFR62', 'OLFR397', 'OLFR154', 'OLFR60', 'OLFR61', 'CELSR1', 'VMN1R15', 'VMN1R172', 'VMN1R14', 'VMN1R171', 'VIPR1', 'RRH', 'VMN1R13', 'VMN1R11', 'VMN1R10', 'MRGPRH', 'CELSR2', 'CELSR3', 'PROKR1', 'OLFR701', 'CYSLTR1', 'S1PR2', 'OLFR263', 'ADORA3', 'S1PR1', 'ADORA1', 'S1PR5', 'GHSR', 'OLFR382', 'XCR1', 'FZD2', 'FZD1', 'VMN1R29', 'CASR', 'FZD5', 'VMN1R25', 'VMN2R107', 'FZD7', 'FZD9', 'VMN1R148', 'ADGRF4', 'SMO', 'V1RA8', 'GPR88', 'GPR84', 'GPR83', 'OLFR19', 'OLFR6', 'OLFR18', 'CALCR', 'OLFR8', 'OLFR9', 'OLFR13', 'OLFR2', 'OLFR3', 'OLFR11', 'OLFR12', 'OLFR5', 'VMN2R104', 'OLFR10', 'OLFR1', 'ADGRG1', 'CCR10', 'OLFR161', 'VMN1R49', 'GABBR1', 'VMN1R48', 'VMN1R47', 'HTR1D', 'VMN1R46', 'VMN1R45', 'TACR3', 'VMN1R44', 'VMN1R43', 'VMN1R42', 'OPRM1', 'VMN1R41', 'HTR1A', 'VMN1R40', 'SSTR5', 'TRHR2', 'OLFR26', 'OLFR27', 'TMIGD3', 'OLFR24', 'OLFR25', 'OLFR23', 'VMN1R58', 'VMN1R56', 'VMN1R54', 'ADRB1', 'VMN1R53', 'ADRB2', 'OPRL1', 'VMN1R52', 'VMN1R51', 'OLFR1353', 'VMN1R50', 'OLFR586', 'OLFR33', 'ADGRE5', 'OLFR31', 'OLFR32', 'DRD1', 'DRD2', 'OLFR30', 'CCR7', 'DRD5', 'GPR39', 'VMN1R187', 'IRX6', 'GPR34', 'OPRK1', 'VMN1R65', 'VMN1R63', 'VMN1R62', 'PTH2R', 'OLFR138', 'OLFR48', 'GPR143', 'OLFR46', 'OLFR410', 'ACKR1', 'OLFR47', 'OLFR44', 'OLFR412', 'OLFR45', 'OLFR43', 'GPR146', 'GRM1', 'OLFR403', 'EDNRA', 'OLFR402', 'OLFR59', 'GPR132', 'OLFR57', 'VMN2R32', 'OLFR58', 'CNR1', 'OLFR642', 'OLFR56', 'MC4R', 'TAS1R1', 'OLFR54', 'OLFR51', 'OLFR52', 'OLFR242', 'OLFR50', 'Na']
G Protein Signaling Pathways WP232	['RHOA', 'GNG13', 'GNG12', 'GNAO1', 'PDE7B', 'PDE7A', 'CALM1', 'AKAP1', 'ADCY1', 'ARHGEF1', 'AKAP9', 'ADCY5', 'ADCY4', 'AKAP8', 'AKAP7', 'ADCY3', 'AKAP6', 'ADCY2', 'AKAP5', 'ADCY9', 'AKAP4', 'ADCY8', 'ADCY7', 'SLC9A1', 'AKAP3', 'AKAP2', 'ITPR1', 'ADCY6', 'PPP3CA', 'GNGT2', 'NRAS', 'GNGT1', 'GNG4', 'PPP3CC', 'GNG3', 'GNG5', 'GNG8', 'RRAS', 'GNG7', 'PDE4C', 'PDE4B', 'PDE4A', 'PDE8B', 'PDE8A', 'PRKCH', 'PRKCG', 'PRKCI', 'PRKCD', 'PDE4D', 'PRKCE', 'PRKCB', 'PRKCA', 'GNAL', 'PRKCZ', 'GNB1', 'PRKAR1B', 'GNB3', 'PRKAR1A', 'GNB2', 'GNAQ', 'GNB5', 'PRKD1', 'GNAS', 'PRKD3', 'PRKCQ', 'KRAS', 'LOC102641276', 'PLCB3', 'GNAZ', 'PDE1C', 'PDE1B', 'PDE1A', 'GNAI1', 'GNAI2', 'GNAI3', 'AKAP13', 'GNA14', 'GNA15', 'GNG11', 'AKAP11', 'GNG10', 'AKAP12', 'GNA11', 'GNA12', 'PRKAR2B', 'PRKAR2A', 'GNA13', 'HRAS', 'PRKACB', 'AKAP10', 'KCNJ3', 'PRKACA', 'Na']
Gene regulatory network modelling somitogenesis  WP2852	['RIPPLY2', 'LFNG', 'MESP2', 'HES7', 'NOTCH1', 'FGF8', 'WNT3A', 'HES1', 'TBX6', 'DLL1', 'EPHA4', 'Na']
Glucocorticoid & Mineralcorticoid Metabolism WP495	['GM10681', 'HSD3B5', 'HSD3B6', 'HSD3B3', 'HSD3B4', 'HSD3B1', 'HSD3B2', 'HSD11B2', 'CYP17A1', 'AKR1C21', 'CYP11A1', 'CYP11B2', 'CYP21A1', 'HSD11B1', 'Na']
Glucuronidation WP1241	['UGT1A10', 'UGT2B34', 'UGT1A2', 'UGT2A1', 'UGT1A1', 'UGT2B1', 'HK1', 'UGDH', 'UGP2', 'UGT1A5', 'PGM3', 'UGT2A3', 'UGT2A2', 'PGM5', 'PGM2', 'PGM1', 'Na']
Glutathione and one carbon metabolism WP730	['GPX1', 'IDH1', 'GGT5', 'GPX3', 'GPX2', 'GSR', 'GPX4', 'DNMT3A', 'DNMT3B', 'GSS', 'AMT', 'MTHFR', 'GCLC', 'BHMT', 'MAT1A', 'G6PDX', 'CTH', 'CHDH', 'GCLM', 'DNMT1', 'AHCY', 'MTRR', 'AHCYL2', 'SHMT2', 'SHMT1', 'MTR', 'OPLAH', 'CBS', 'MAT2B', 'ANPEP', 'GGT1', 'Na']
Glutathione metabolism WP164	['GPX1', 'IDH1', 'GGT5', 'GPX3', 'GSTM2', 'GPX2', 'GSR', 'GPX4', 'GSS', 'GSTT2', 'GSTT1', 'OPLAH', 'GCLC', 'ANPEP', 'GM3776', 'G6PDX', 'GSTA1', 'GCLM', 'GGT1', 'GSTM7', 'Na']
Glycogen Metabolism WP317	['AGL', 'PPP2R3A', 'PPP2R5C', 'PPP2R5B', 'PHKA2', 'PPP2R5E', 'PPP2R1A', 'PHKB', 'PHKA1', 'PPP2R5D', 'PPP2R5A', 'PPP2CA', 'PPP2R2C', 'CALM2', 'CALM3', 'CALM1', 'GSK3B', 'GSK3A', 'PYGB', 'GBE1', 'PYGL', 'PPP2R2B', 'PYGM', 'PPP2R2A', 'GYS1', 'PPP2CB', 'GYS2', 'PTPA', 'PHKG2', 'UGP2', 'GYG', 'PHKG1', 'PPP2R1B', 'PGM2', 'Na']
Glycolysis and Gluconeogenesis WP157	['G6PC', 'PDHA2', 'TPI1', 'PDHA1', 'PDHX', 'GCK', 'GAPDHS', 'ALDOC', 'ALDOB', 'FBP1', 'ALDOA', 'FBP2', 'PDHB', 'HK1', 'HK3', 'HK2', 'LDHC', 'LDHB', 'LDHA', 'PGK2', 'PGK1', 'PCK1', 'MDH2', 'GOT2', 'PKLR', 'PGAM1', 'GOT1', 'PGAM2', 'PKM', 'PFKM', 'PFKL', 'DLD', 'GAPDH', 'LDHAL6B', 'PFKP', 'PCX', 'ENO1B', 'SLC2A1', 'SLC2A2', 'SLC2A3', 'ENO1', 'SLC2A4', 'SLC2A5', 'ENO2', 'ENO3', 'GPI1', 'MPC1', 'MPC2', 'GAPDH-PS15', 'DLAT', 'MDH1', 'Na']
Heart Development WP2067	['TBX2', 'MEF2C', 'SMAD4', 'SMAD1', 'IRX4', 'NFATC4', 'VEGFC', 'FOXH1', 'NFATC3', 'PTPN11', 'NFATC2', 'NFATC1', 'ISL1', 'TBX5', 'VEGFA', 'VEGFB', 'BMP4', 'BMP2', 'HAND1', 'BHLHE40', 'HAND2', 'TBX10', 'FGF10', 'BMPR1A', 'FOXA2', 'BMPR2', 'NOTCH1', 'FOXC2', 'FOXC1', 'BMP10', 'CTNNB1', 'SRF', 'GATA6', 'GATA4', 'FGF8', 'SHH', 'HEY2', 'HEY1', 'ERBB3', 'TBX20', 'MAPK1', 'PITX2', 'NKX2-5', 'SMYD1', 'Na']
Hedgehog Signaling Pathway WP116	['CREBBP', 'DHH', 'PTCH2', 'HHIP', 'IHH', 'PTCH1', 'DYRK1A', 'IGF2', 'GLI2', 'GLI1', 'GLI3', 'RAB23', 'SKI', 'SHH', 'CCNB1', 'STK36', 'SMO', 'SIN3A', 'GAS1', 'SUFU', 'SAP18', 'CDK1', 'Na']
Heme Biosynthesis WP18	['FECH', 'ALAD', 'ALAS2', 'HMBS', 'ALAS1', 'UROD', 'UROS', 'CPOX', 'PPOX', 'Na']
Hfe effect on hepcidin production WP3673	['ID1', 'TMPRSS6', 'HFE', 'HAMP', 'HFE2', 'SMAD7', 'BMP6', 'Na']
Histone modifications WP300	['HAT1', 'HDAC1', 'HDAC2', 'EHMT1', 'EHMT2', 'Na']
Homologous recombination WP1258	['MRE11A', 'RPA1', 'BRCA2', 'RAD54B', 'RAD50', 'POLD4', 'RAD51', 'RAD52', 'POLD1', 'POLD2', 'POLD3', 'NBN', 'ATM', 'Na']
Hypertrophy Model WP202	['ATF3', 'JUND', 'WDR1', 'IL1R1', 'IFRD1', 'MYOG', 'EIF4EBP1', 'ADAM10', 'IL18', 'DUSP14', 'VEGFA', 'IL1A', 'NR4A3', 'ZEB1', 'IFNG', 'ANKRD1', 'MSTN', 'EIF4E', 'HBEGF', 'CCN1', 'Na']
Hypothetical Network for Drug Addiction WP1246	['MAP2K2', 'MAP2K1', 'PRKCE', 'PPA1', 'GRIN2D', 'GRIN2C', 'ZHX2', 'GRIN1', 'NISCH', 'CREB1', 'ACTA1', 'CAMK4', 'TERF2IP', 'GRIA2', 'GRIA3', 'GRIA1', 'ADCY1', 'CAMK2B', 'ADCY8', 'GRM1', 'GRIN2B', 'GRM5', 'GRIN2A', 'MAPK3', 'KRIT1', 'MAPK1', 'DRD1', 'DRD2', 'DRD4', 'GRIA4', 'PRKACA', 'Na']
IL-1 Signaling Pathway WP37	['IL1R1', 'IL1R2', 'MAP2K1', 'CHUK', 'ELP1', 'PTPN11', 'IRAK4', 'NFKB1', 'IL1A', 'NFKBIB', 'IL1B', 'MYD88', 'NFKBIA', 'PRKCZ', 'TOLLIP', 'TRAF6', 'PELI1', 'TAB2', 'SQSTM1', 'MAP3K14', 'TAB1', 'IL1RN', 'RELA', 'IL1RAP', 'MAPK8', 'IRAK2', 'IRAK3', 'CAPNS1', 'IRAK1', 'AKT1', 'SIRPA', 'MAPK3', 'PLCG1', 'MAPK1', 'CAPN1', 'CASP1', 'MAP3K7', 'Na']
IL-2 Signaling Pathway WP450	['LYN', 'HSP90AA1', 'NMI', 'GAB2', 'PTPN11', 'VAV1', 'IL2', 'MAPK14', 'PIK3CB', 'PIK3CA', 'MAPKAPK2', 'BCL2', 'STAM2', 'PTPN6', 'RAF1', 'SOS1', 'RELA', 'SHC1', 'PIK3R2', 'IL2RG', 'SHB', 'FOXO3', 'SOCS3', 'CRKL', 'SOCS1', 'MKNK1', 'TERT', 'AKT1', 'EIF4E', 'STAT5B', 'CD53', 'MAP2K2', 'STAT1', 'SYK', 'CISH', 'MAP2K1', 'CHUK', 'STAT3', 'STAM', 'NFKB1', 'MTOR', 'CREB1', 'LCK', 'PRKCZ', 'PIK3R1', 'RPS6KB1', 'IL2RA', 'IL2RB', 'CRK', 'KRAS', 'GRB2', 'ITM2B', 'EIF3B', 'PLCB1', 'IRS1', 'IFNA1', 'IRS2', 'YBX1', 'PIK3CD', 'ETS1', 'NR3C1', 'CBL', 'ETS2', 'ICAM1', 'PIK3CG', 'MAPK9', 'MAPK8', 'MAPK3', 'PTK2B', 'MAPK1', 'FYN', 'RACK1', 'JAK3', 'JAK1', 'STAT5A', 'JAK2', 'Na']
IL-3 Signaling Pathway WP373	['BAD', 'MATK', 'MAPK14', 'TEC', 'MAPKAPK2', 'BAX', 'PTPN6', 'RAF1', 'ATF2', 'ATF1', 'FOXO1', 'CRKL', 'RXRA', 'BCL2L11', 'PAK1', 'CHEK1', 'AKT1', 'STAT6', 'STAT5B', 'CISH', 'MAP2K1', 'PRKCB', 'PRKCA', 'NFKB1', 'PTK2', 'CREB1', 'SELP', 'PIK3R1', 'BCL2L1', 'BIRC5', 'FCER2A', 'GRB2', 'VCL', 'SPI1', 'PXN', 'SLC2A1', 'CSF2RB', 'GATA2', 'GATA1', 'INPP5D', 'PRKACA', 'STAT5A', 'LYN', 'KCNIP3', 'MMP2', 'GAB2', 'PTPN11', 'GAB1', 'MMP9', 'TYK2', 'DNM1', 'BMX', 'VAV1', 'IL3', 'TNFRSF1B', 'FES', 'MRAS', 'ID1', 'PIK3CA', 'IL3RA', 'BCL2', 'RARA', 'RAPGEF1', 'SOS1', 'GSK3B', 'GSK3A', 'YWHAB', 'SHC1', 'PIK3R2', 'HSPB1', 'SOCS3', 'RAP1A', 'SOCS2', 'STAT1', 'SYK', 'STAT3', 'YWHAZ', 'HCK', 'PPP2CA', 'CDC42', 'LCK', 'RPS6KB2', 'CRK', 'KRAS', 'SRC', 'PIK3CD', 'CBL', 'MAPK9', 'MAPK8', 'MAPK3', 'RAC1', 'MAPK1', 'HRAS', 'RAC2', 'FYN', 'RACK1', 'MAPK7', 'JAK1', 'LOC102641666', 'JAK2', 'Na']
IL-5 Signaling Pathway WP151	['LYN', 'JUN', 'PTPN11', 'VAV1', 'DNM2', 'MAPK14', 'IL5', 'NFKBIA', 'BAX', 'RAPGEF1', 'PTPN6', 'RAF1', 'ATF2', 'GSK3B', 'GSK3A', 'SHC1', 'SHC2', 'PIK3R2', 'RAP1GAP', 'FOXO3', 'CRKL', 'SOCS1', 'CCND3', 'ALOX5', 'AKT1', 'SH2B2', 'STAT5B', 'MAP2K2', 'PRKCD', 'STAT1', 'SYK', 'STAT3', 'PLA2G4A', 'ALOX5AP', 'PRKCB', 'YWHAZ', 'NFKB1', 'HCK', 'SDCBP', 'PIK3R1', 'IL2RB', 'UNC119', 'HCLS1', 'BTK', 'KRAS', 'GRB2', 'ITGB2', 'CDKN1B', 'CTNNB1', 'IL5RA', 'ITGAM', 'ELK1', 'CSF2RB', 'CBL', 'ICAM1', 'PIK3CG', 'SOX4', 'MAPK9', 'RPS6KA1', 'MAPK3', 'PTK2B', 'PIM1', 'RAC1', 'MAPK1', 'HRAS', 'JAK1', 'LOC102641666', 'STAT5A', 'JAK2', 'Na']
IL-6 signaling Pathway WP387	['MAP3K4', 'BAD', 'PPP2R1A', 'MAPK14', 'TEC', 'MAPKAPK2', 'IL6ST', 'RAF1', 'RB1', 'IL6RA', 'INPPL1', 'FOXO4', 'FOXO3', 'FOXO1', 'PTPA', 'AKT1', 'MAP3K7', 'STAT5B', 'MAP2K4', 'CREBBP', 'MAP2K2', 'DAXX', 'PRKCD', 'MAP2K1', 'NFKB1', 'PTK2', 'AR', 'HNF1A', 'PIK3R1', 'BTK', 'GRB2', 'PXN', 'EIF4EBP1', 'NLK', 'INPP5D', 'PLCG1', 'MAP2K6', 'STAT5A', 'LYN', 'JUN', 'NCOA1', 'HSP90AA1', 'GAB2', 'PPP2R5C', 'PTPN11', 'GAB1', 'PPP2R5B', 'PPP2R5E', 'PPP2R5D', 'TYK2', 'BMX', 'VAV1', 'PPP2R5A', 'CDK9', 'FES', 'IL6', 'MAPT', 'CDK5', 'SGK1', 'SOS1', 'GSK3B', 'CD40', 'SHC1', 'PIK3R2', 'HSPB1', 'SOCS3', 'CASP9', 'ERBB2', 'ERBB3', 'CASP3', 'EIF4E', 'STAT1', 'STAT3', 'PPP2R3A', 'FOS', 'HCK', 'PPP2CA', 'FGR', 'RPS6KB1', 'PPP2R2C', 'CDK5R1', 'CEBPB', 'HDAC1', 'PPP2R2B', 'PPP2R2A', 'PPP2CB', 'MAPK8', 'PPP2R1B', 'EP300', 'RPS6KA2', 'MAPK3', 'PTK2B', 'RAC1', 'MAPK1', 'HRAS', 'FYN', 'EIF2A', 'JAK1', 'JAK2', 'Na']
IL-7 Signaling Pathway WP297	['STAT5B', 'LYN', 'MAP2K2', 'STAT1', 'MAP2K1', 'BAD', 'STAT3', 'STAM', 'CCNA2', 'IRF1', 'PIK3R1', 'CDK4', 'CDK2', 'BAX', 'GRB2', 'STAM2', 'RAF1', 'IL7R', 'SOS1', 'BLK', 'RB1', 'GSK3B', 'IRS1', 'SHC1', 'IRS2', 'CLTC', 'IL2RG', 'CBLB', 'CBL', 'FOXO3', 'FOXO1', 'MUC1', 'BCL2L11', 'CCND2', 'AKT1', 'MAPK3', 'PTK2B', 'MAPK1', 'HRAS', 'FYN', 'JAK3', 'MCL1', 'JAK1', 'STAT5A', 'Na']
IL-9 Signaling Pathway WP10	['STAT5B', 'MAP2K2', 'VCP', 'STAT1', 'IRS1', 'SHC1', 'IRS2', 'MAP2K1', 'STAT3', 'PTPN11', 'IL2RG', 'TYK2', 'SOCS3', 'IL9', 'PIK3R1', 'KAT5', 'AKT1', 'MAPK3', 'IL9R', 'MAPK1', 'GRB2', 'JAK3', 'JAK1', 'STAT5A', 'Na']
Id Signaling Pathway WP512	['EGF', 'MYOG', 'PAX5', 'TCF12', 'MYOD1', 'VEGFA', 'BMP6', 'PAX2', 'RBL1', 'BMP2', 'RBL2', 'ID1', 'PAX8', 'ID3', 'ID2', 'CDK2', 'ID4', 'ATF3', 'RB1', 'ACVRL1', 'RELA', 'BMPR2', 'TERT', 'PSMD4', 'KDR', 'HES1', 'SMAD3', 'SREBF1', 'TGIF1', 'SMAD5', 'TCF7L2', 'SMAD4', 'SMAD1', 'IGF1', 'NFKB1', 'NGF', 'CCNA2', 'LCK', 'CCNE1', 'CD40LG', 'TCF3', 'MYF5', 'MYF6', 'FLT1', 'IRS1', 'CTNNB1', 'ELK1', 'ELK3', 'IGF1R', 'ELK4', 'MSC', 'Na']
Inflammatory Response Pathway WP458	['FN1', 'LAMB2', 'LAMB1', 'TNFRSF1A', 'TNFRSF1B', 'IL2', 'COL1A2', 'IL5', 'IL4', 'COL1A1', 'ZAP70', 'LCK', 'COL3A1', 'IL2RA', 'IL2RB', 'IL4RA', 'IFNG', 'CD28', 'CD40LG', 'CD86', 'CD40', 'LAMA5', 'CD80', 'LAMC1', 'IL5RA', 'THBS1', 'LAMC2', 'IL2RG', 'THBS3', 'VTN', 'Na']
Insulin Signaling WP65	['PTPN1', 'MAP3K3', 'MAP3K4', 'MAP3K1', 'MAP3K2', 'TSC2', 'TSC1', 'MAPK13', 'MAPK14', 'MAPK11', 'ARHGAP33', 'MAPK12', 'MAPK10', 'RAF1', 'STXBP1', 'PRKAA2', 'STXBP4', 'STXBP2', 'STXBP3', 'CBLC', 'INPPL1', 'CBLB', 'FOXO3', 'PRKAA1', 'FOXO1', 'PPP1CC', 'GRB14', 'KIF5B', 'AKT1', 'AKT2', 'MAP3K9', 'GRB10', 'MAP3K7', 'MAP3K8', 'MAP3K5', 'SH2B2', 'MAP3K6', 'MAP2K4', 'PRKCH', 'EGR1', 'INSR', 'MAP2K5', 'MAP2K2', 'MAP2K3', 'PRKCI', 'XBP1', 'PRKCD', 'MAP2K1', 'MINK1', 'PRKCB', 'PRKCA', 'EHD1', 'EHD2', 'PRKCZ', 'INPP4A', 'RHEB', 'PIK3R1', 'MAP3K10', 'VAMP2', 'MAP3K11', 'PRKCQ', 'GRB2', 'MAP3K14', 'MAP3K12', 'MAP3K13', 'IRS1', 'SLC2A1', 'EIF4EBP1', 'IRS3', 'SLC2A4', 'IRS4', 'ELK1', 'IGF1R', 'LIPE', 'PPP1CCB', 'KIF3A', 'FLOT2', 'FLOT1', 'RAB4A', 'MAP2K6', 'MAP2K7', 'JUN', 'PTPN11', 'GAB1', 'PTPRF', 'RHOQ', 'PIK3CB', 'PIK3CA', 'RHOJ', 'RAPGEF1', 'PIK3C3', 'SGK2', 'SOS2', 'SGK3', 'SGK1', 'SOS1', 'SNAP25', 'SHC3', 'GSK3B', 'SHC1', 'RRAD', 'ARF1', 'SHC2', 'SNAP23', 'PIK3R4', 'PIK3R3', 'PIK3R2', 'SOCS3', 'SOCS1', 'GYG', 'STX4A', 'EIF4E', 'MAP4K2', 'CAP1', 'MAP4K3', 'MAP4K1', 'PDPK1', 'FOS', 'SORBS1', 'MTOR', 'MYO1C', 'PFKM', 'PFKL', 'TBC1D4', 'RPS6KB2', 'RPS6KB1', 'CRK', 'TRIB3', 'ARF6', 'SRF', 'PTEN', 'PIK3CD', 'PIK3C2G', 'PIK3C2A', 'CBL', 'GYS1', 'PIK3CG', 'RPS6KA5', 'GYS2', 'CYTH3', 'IKBKB', 'RPS6KA4', 'MAPK9', 'RPS6KA6', 'MAPK8', 'RPS6KA1', 'RPS6KA3', 'ENPP1', 'RPS6KA2', 'MAPK3', 'RAC1', 'MAPK1', 'HRAS', 'RAC2', 'MAPK7', 'MAPK6', 'MAP4K4', 'MAP4K5', 'MAPK4', 'Na']
Integrin-mediated Cell Adhesion WP6	['ACTN1', 'SELENOP', 'ITGA10', 'MAPK12', 'MAPK10', 'CAPN10', 'CAPN11', 'ITGA11', 'ZYX', 'TLN1', 'RAF1', 'ROCK1', 'ROCK2', 'ITGA2B', 'ARAF', 'CAPN9', 'PAK2', 'PAK1', 'CAPN7', 'AKT3', 'CAPN5', 'CAPNS1', 'CAPN6', 'AKT1', 'CAPN3', 'AKT2', 'CAPN1', 'CAPN2', 'PAK4', 'PAK3', 'PAK6', 'MAP2K5', 'MAP2K2', 'MAP2K3', 'MAP2K1', 'VASP', 'PTK2', 'GRB2', 'VCL', 'PXN', 'TNS1', 'MAP2K6', 'ITGA1', 'ITGA5', 'ITGA4', 'CAV3', 'CAV2', 'ITGA3', 'CAV1', 'ITGA2', 'BRAF', 'VAV2', 'VAV3', 'ITGAE', 'ITGAD', 'ITGA9', 'ITGA8', 'ITGA7', 'RAPGEF1', 'ITGA6', 'DOCK1', 'ARHGEF7', 'BCAR1', 'SOS1', 'SHC3', 'SHC1', 'ILK', 'PIK3R2', 'RAP1A', 'RAP1B', 'PDPK1', 'SORBS1', 'CDC42', 'CRK', 'MYLK2', 'ITGB2', 'ITGB1', 'SRC', 'ITGB6', 'ITGB5', 'ITGB4', 'ITGB3', 'ITGAM', 'ITGAL', 'RAC3', 'RHO', 'ITGAX', 'RAC1', 'ITGB8', 'MAPK1', 'HRAS', 'RAC2', 'ITGAV', 'CSK', 'FYN', 'ITGB7', 'MAPK7', 'MAPK6', 'GIT2', 'MAPK4', 'Na']
Irinotecan Pathway WP475	['UGT1A10', 'BCHE', 'ABCC2', 'CES1D', 'UGT1A1', 'CES2H', 'UGT1A6A', 'UGT1A9', 'ABCC1', 'ABCG2', 'Na']
Iron Homeostasis WP1596	['HAMP2', 'IREB2', 'TRF', 'HFE', 'IL6RA', 'TNF', 'SLC40A1', 'HFE2', 'IL1A', 'IL6', 'FTL1', 'TFR2', 'FTH1', 'LOC100862446', 'HAMP', 'Na']
Keap1-Nrf2 WP1245	['NQO1', 'CEBPB', 'KEAP1', 'PRKCA', 'AIMP2', 'MAF', 'GCLC', 'MAPK8', 'PIK3CA', 'GSTA2', 'HMOX1', 'GCLM', 'EPHB2', 'NFE2L2', 'Na']
Kennedy pathway WP1771	['PCYT1A', 'PCYT1B', 'PCYT2', 'CHKB', 'CHKA', 'PISD', 'PTDSS2', 'SGPL1', 'PTDSS1', 'CHPT1', 'ETNK2', 'ETNK1', 'CEPT1', 'PEMT', 'Na']
Kit Receptor Signaling Pathway WP407	['LYN', 'BAD', 'PTPN11', 'MITF', 'MATK', 'VAV1', 'VAV2', 'TEC', 'DOK1', 'RASA1', 'FES', 'PTPN6', 'RAF1', 'SOS1', 'PTPRU', 'SHC1', 'CLTC', 'PIK3R2', 'CBLB', 'CRKL', 'SOCS4', 'SOCS1', 'AKT1', 'STAP1', 'PLCE1', 'GRB10', 'MPDZ', 'SOCS5', 'SH2B2', 'SOCS6', 'YES1', 'STAT5B', 'STAT1', 'CISH', 'MAP2K1', 'STAT3', 'PRKCB', 'TNFRSF10B', 'PRKCA', 'EPOR', 'HCK', 'FGR', 'KIT', 'PIK3R1', 'KITL', 'GRAP', 'BTK', 'CRK', 'GRB2', 'GRB7', 'SRC', 'SH3KBP1', 'CSF2RB', 'CBL', 'PIK3CG', 'INPP5D', 'SPRED2', 'SPRED1', 'RPS6KA1', 'EP300', 'PLCG1', 'MAPK1', 'HRAS', 'ABL1', 'FYN', 'STAT5A', 'JAK2', 'Na']
Leptin Insulin Overlap WP578	['INS1', 'INSR', 'IRS1', 'IRS2', 'PDPK1', 'STAT3', 'PIK3R3', 'IRS3', 'IRS4', 'DGKZ', 'PIK3CG', 'SOCS3', 'SOCS1', 'SOCS2', 'LEP', 'AKT1', 'LEPR', 'JAK2', 'Na']
Leptin and adiponectin WP683	['ADIPOQ', 'CPT1A', 'LEP', 'LEPR', 'ADIPOR1', 'PRKAG1', 'PRKAB1', 'ADIPOR2', 'PRKAA1', 'ACACA', 'Na']
Lung fibrosis WP3632	['TGFB1', 'CCR2', 'EDN1', 'SFTPC', 'EGF', 'MMP2', 'IL13', 'CMA1', 'MT2', 'MMP9', 'ATP11A', 'BMP7', 'IL5', 'IL1B', 'IL4', 'IL6', 'NFE2L2', 'CSF3', 'CSF2', 'ELN', 'PARN', 'CXCL2', 'TGFA', 'TNF', 'RTEL1', 'CXCL15', 'MECP2', 'CYSLTR2', 'DPP9', 'TERT', 'TIMP1', 'SPP1', 'SKIL', 'CCN2', 'CCR3', 'DSP', 'MUC5B', 'STN1', 'HGF', 'ELMOD2', 'IGF1', 'SMAD7', 'GREM1', 'SFTPA1', 'PTX3', 'CEBPB', 'CCL11', 'CALCA', 'FAM13A', 'PDGFB', 'PDGFA', 'PLAU', 'FGF1', 'FGF2', 'FGF7', 'CCL5', 'HMOX1', 'CCL4', 'CCL3', 'IL12B', 'CCL2', 'Na']
MAPK Cascade WP251	['MAP2K4', 'MAP3K3', 'MAP2K2', 'MAP3K1', 'MAP2K3', 'JUN', 'MAP3K2', 'MAP2K1', 'BRAF', 'MAPK14', 'MAPK12', 'MAPK10', 'RASA3', 'KRAS', 'SIPA1', 'PLCB3', 'MAP3K12', 'RAF1', 'ARAF', 'ELK1', 'NRAS', 'MAP2', 'RRAS', 'MAPK3', 'MAPK1', 'HRAS', 'MBP', 'MAP2K6', 'Na']
MAPK signaling pathway WP493	['TGFB1', 'MAP3K4', 'PDGFRB', 'EGF', 'TGFB3', 'MAP3K1', 'TGFB2', 'IL1R1', 'IL1R2', 'TRP53', 'MAPK8IP3', 'CDC25B', 'MAPK13', 'GCK', 'MAPK14', 'MOS', 'MAPK12', 'MAPK10', 'MAPKAPK5', 'MAPKAPK2', 'FAS', 'HSPA1A', 'PTPN7', 'PTPN5', 'RAF1', 'ATF2', 'TNF', 'EGFR', 'NTF5', 'CRKL', 'NRAS', 'PAK2', 'PAK1', 'AKT3', 'MYC', 'AKT1', 'FLNA', 'AKT2', 'MAP3K7', 'MAP3K8', 'MAP3K5', 'MAP3K6', 'MAP2K4', 'PRKCH', 'MAP2K5', 'PRKCG', 'JUND', 'MAP2K2', 'DAXX', 'PRKCD', 'MAP2K1', 'GADD45A', 'MINK1', 'PRKCB', 'TRAF2', 'NFKB1', 'PRKCZ', 'FASL', 'TRAF6', 'MAP3K11', 'TAB2', 'GRB2', 'MAP3K14', 'TAB1', 'ATF4', 'MAP3K12', 'MAP3K13', 'MAX', 'PDGFB', 'PLA2G5', 'ELK1', 'NLK', 'NR4A1', 'FGF4', 'RASGRP4', 'PPP3R1', 'RASGRP1', 'PPP3R2', 'STMN1', 'CD14', 'MAP2K6', 'PRKACA', 'MAP2K7', 'DUSP5', 'DUSP6', 'JUN', 'DUSP4', 'DUSP1', 'HSPA5', 'BDNF', 'HSPA8', 'BRAF', 'TGFBR1', 'TGFBR2', 'DUSP7', 'TMEM37', 'IL1A', 'IL1B', 'PPP5C', 'RASA1', 'MRAS', 'ECSIT', 'MAPT', 'RASA2', 'NF1', 'SOS2', 'PTPRR', 'HSPB2', 'HSPB1', 'STK3', 'PPP3CA', 'PPP3CB', 'DUSP10', 'CASP8', 'RAP1A', 'PPP3CC', 'CASP9', 'RAP1B', 'CASP6', 'CASP7', 'CASP2', 'CASP3', 'CASP1', 'MAP3K20', 'MAP4K3', 'NTRK1', 'MAP4K1', 'MEF2C', 'FOS', 'NGF', 'CDC42', 'PPM1A', 'PPM1B', 'TAOK2', 'PLA2G10', 'DDIT3', 'TAOK1', 'CRK', 'KRAS', 'SRF', 'ARRB2', 'ACVR1C', 'ACVR1B', 'IKBKB', 'MAPK9', 'MAPK8', 'ARRB1', 'GNA12', 'RPS6KA3', 'MAPK3', 'RAC1', 'MAPK1', 'RAC2', 'IKBKG', 'MAPK7', 'MAPK6', 'MAP4K4', 'LOC102641666', 'MAPK4', 'Na']
Macrophage markers WP2271	['CD86', 'CD52', 'CD74', 'CD163', 'CD83', 'LYZ2', 'RAC2', 'CD14', 'F3', 'CD68', 'Na']
Matrix Metalloproteinases WP441	['MMP7', 'MMP8', 'MMP2', 'MMP3', 'MMP9', 'MMP11', 'MMP10', 'MMP13', 'MMP12', 'MMP15', 'MMP14', 'MMP17', 'MMP16', 'MMP19', 'MMP1A', 'TNF', 'TCF20', 'MMP20', 'MMP21', 'MMP24', 'MMP23', 'MMP25', 'BSG', 'MMP28', 'MMP27', 'TIMP3', 'TIMP4', 'TIMP1', 'TIMP2', 'Na']
Mecp2 and Associated Rett Syndrome WP2910	['CDON', 'GAMT', 'RBFOX1', 'MEF2C', 'BDNF', 'GAD1', 'OPRK1', 'TET1', 'TAP1', 'MYT1', 'POU3F2', 'POU4F1', 'GRIN1', 'TAF1', 'CREB1', 'NCOR1', 'SP1', 'SST', 'MAG', 'SP3', 'HNRNPH1', 'REST', 'BCL6', 'PRPF3', 'APOC2', 'GPRIN1', 'HNRNPF', 'NF1', 'EZH2', 'CEBPD', 'DLX5', 'CNP', 'ARHGEF26', 'YBX1', 'NREP', 'CTCF', 'FGF2', 'FGF3', 'FGF4', 'SMC3', 'MECP2', 'GABRR2', 'FUT8', 'CSRP1', 'SIN3A', 'E2F1', 'MBP', 'Na']
Metapathway biotransformation WP1251	['HS3ST1', 'GSR', 'GSS', 'HS3ST6', 'CYP51', 'HS3ST4', 'HS3ST5', 'HS3ST2', 'CYP39A1', 'GSTZ1', 'CYP2U1', 'CYP24A1', 'GSTA4', 'GSTA3', 'GSTA2', 'CYP20A1', 'CYP1A2', 'GSTA1', 'CYP1A1', 'UGT1A10', 'AKR1D1', 'HS6ST1', 'HS6ST2', 'COMT', 'HS6ST3', 'SULT2A1', 'CYP4X1', 'CHST12', 'CHST13', 'GM3776', 'CHST10', 'CHST11', 'CHST14', 'CYP1B1', 'CHST9', 'NAA50', 'GSTK1', 'CHST7', 'CHST8', 'EPHX1', 'EPHX2', 'KCNAB1', 'KCNAB2', 'KCNAB3', 'UGT1A6A', 'CYP27A1', 'SULT2B1', 'NAT8', 'CYP4F18', 'NAT9', 'NAT2', 'CYP2S1', 'CHST1', 'CHST2', 'CHST5', 'SULT6B1', 'CHST3', 'CHST4', 'NAA40', 'TPMT', 'GSTCD', 'MGST2', 'MGST3', 'NAT14', 'GSTT2', 'GLYAT', 'MGST1', 'GSTT1', 'CYP46A1', 'HNMT', 'CYP19A1', 'AKR7A5', 'SULT1A1', 'CYP27B1', 'CYP2R1', 'CYP4V3', 'CYP11A1', 'GSTM5', 'GPX1', 'GSTM4', 'HS3ST3B1', 'GPX3', 'GPX2', 'NAA30', 'GSTM1', 'GPX5', 'GPX4', 'INMT', 'AKR1A1', 'CYP7B1', 'CYP4F39', 'SULT1B1', 'CYP26A1', 'NAT10', 'CYP11B2', 'CYP11B1', 'AKR1B10', 'NAT8L', 'GSTM7', 'HS3ST3A1', 'NAA20', 'NNMT', 'GAL3ST1', 'GAL3ST2', 'CYP7A1', 'HS2ST1', 'SULT1C2', 'CYP26B1', 'UGT2A3', 'UGT2A2', 'GAL3ST3', 'GAL3ST4', 'SULT4A1', 'UGT1A2', 'UGT1A1', 'GSTO2', 'GSTO1', 'FMO1', 'CYP4B1', 'FMO2', 'FMO3', 'FMO4', 'FMO5', 'CYP8B1', 'BAAT', 'CYP2W1', 'CYP26C1', 'CYP21A1', 'CYP2E1', 'GSTP1', 'AKR1B3', 'NAA80', 'NDST3', 'CYP17A1', 'NDST2', 'NDST1', 'SULT1E1', 'NDST4', 'UGT1A5', 'CYP2F2', 'UGT1A9', 'Na']
Methylation WP1247	['PNMT', 'NNMT', 'MAT2B', 'MAT1A', 'TPMT', 'MAT2A', 'INMT', 'HNMT', 'COMT', 'Na']
MicroRNAs in Cardiomyocyte Hypertrophy WP1560	['TGFB1', 'RHOA', 'EDN1', 'EGF', 'WNT5A', 'NFATC4', 'NRG1', 'LIF', 'AGT', 'MAPK14', 'CDK9', 'CDK7', 'PIK3CB', 'PIK3CA', 'IL6ST', 'RAF1', 'CALM1', 'GSK3B', 'ROCK1', 'ROCK2', 'LRP6', 'LRP5', 'PIK3R3', 'TNF', 'PIK3R2', 'PPP3CA', 'PPP3CB', 'DVL1', 'AKT1', 'AKT2', 'PRKG1', 'MAP2K4', 'FZD2', 'FZD1', 'MAP2K5', 'EIF2B5', 'MYEF2', 'MAP2K2', 'MAP2K3', 'WNT3A', 'CISH', 'MAP2K1', 'CHUK', 'PDPK1', 'STAT3', 'PRKCB', 'IGF1', 'NFKB1', 'MTOR', 'RCAN1', 'PIK3R1', 'PLCB2', 'MAP3K14', 'TAB1', 'FGFR2', 'HDAC5', 'CAMK2D', 'MYLK3', 'HDAC4', 'CTF1', 'CTNNB1', 'PIK3CD', 'GATA4', 'FGF2', 'HDAC9', 'HDAC7', 'IGF1R', 'MYLK', 'PIK3CG', 'IKBKB', 'MAPK8', 'NPPA', 'NPPB', 'MAPK3', 'RAC1', 'MAPK1', 'IKBKG', 'MAPK7', 'IKBKE', 'MAP2K6', 'MAP2K7', 'MAPK4', 'Na']
Microglia Pathogen Phagocytosis Pathway WP3626	['LYN', 'SYK', 'NCKAP1L', 'CYBB', 'CYBA', 'TYROBP', 'VAV1', 'VAV2', 'HCK', 'VAV3', 'FCGR1', 'PIK3CB', 'PIK3R1', 'PIK3CA', 'NCF1', 'PIK3C3', 'PTPN6', 'LAT', 'C1QC', 'ITGB2', 'C1QB', 'C1QA', 'NCF2', 'NCF4', 'ARPC1B', 'SIGLECE', 'PIK3CD', 'PIK3R3', 'TREM3', 'PIK3R2', 'ITGAM', 'TREM1', 'PIK3C2A', 'TREM2', 'PIK3R6', 'PIK3CG', 'RAC3', 'RAC1', 'RAC2', 'PLCG2', 'FCER1G', 'Na']
Mismatch repair WP1257	['PCNA', 'MLH1', 'EXO1', 'LIG1', 'POLD1', 'RFC1', 'MSH6', 'RPA1', 'MSH2', 'Na']
Mitochondrial Gene Expression WP1263	['ESRRA', 'MYEF2', 'MTERF3', 'MTERF1A', 'TFB2M', 'NRF1', 'POLRMT', 'TFB1M', 'GABPB2', 'HCFC1', 'PPP3CA', 'CREB1', 'SP1', 'PPRC1', 'CAMK4', 'TFAM', 'PPARGC1A', 'PPARGC1B', 'GABPA', 'Na']
Mitochondrial LC-Fatty Acid Beta-Oxidation WP401	['CPT1A', 'ACADVL', 'ACSL3', 'ECI1', 'PECR', 'ACSL1', 'EHHADH', 'ACSL4', 'ACADM', 'ACADL', 'CPT2', 'HADHA', 'SCP2', 'SLC25A20', 'HADH', 'ACADS', 'Na']
Monoamine GPCRs WP570	['HTR1F', 'HTR1D', 'HTR1B', 'HTR1A', 'HTR5B', 'ADRA2C', 'ADRA2B', 'HTR5A', 'ADRA2A', 'CHRM3', 'CHRM4', 'CHRM1', 'CHRM2', 'CHRM5', 'HTR2C', 'ADRB1', 'HTR2A', 'ADRB2', 'HTR2B', 'ADRA1D', 'ADRB3', 'HTR6', 'ADRA1B', 'ADRA1A', 'HTR4', 'HRH2', 'HTR7', 'HRH1', 'DRD1', 'DRD2', 'DRD3', 'DRD4', 'DRD5', 'Na']
Myometrial Relaxation and Contraction Pathways WP385	['GUCY1A1', 'MYL2', 'MYL4', 'PLCD1', 'CALM3', 'ATF2', 'RGS19', 'RGS18', 'ATF3', 'RAMP3', 'ATF1', 'CRCP', 'ADCY1', 'RGS14', 'ATF6B', 'RGS17', 'RGS16', 'ADCY5', 'ADCY4', 'ADCY3', 'ADCY2', 'ADCY9', 'GABPB1', 'ADCY8', 'ADCY7', 'ADCY6', 'GNG2', 'ACTB', 'GNG4', 'GNG3', 'GNG5', 'GNG8', 'GNG7', 'RGS20', 'IGFBP2', 'PRKCH', 'IGFBP1', 'PRKCG', 'PRKCD', 'IGFBP6', 'IGFBP5', 'IGFBP4', 'IGFBP3', 'PRKCE', 'PRKCB', 'PRKCA', 'NFKB1', 'DGKZ', 'CREB3', 'MAFF', 'CACNB3', 'CREB1', 'PRKCZ', 'GNB1', 'GPR182', 'PRKAR1B', 'GNB3', 'PKIB', 'PRKAR1A', 'PKIA', 'GNB2', 'GNAQ', 'GNB5', 'PRKD1', 'GNAS', 'GNB4', 'RLN1', 'PRKCQ', 'PKIG', 'ATF4', 'ATF5', 'CRHR1', 'OXTR', 'CALCA', 'ACTG1', 'RXFP1', 'RXFP2', 'ETS2', 'LPAR1', 'RGS5', 'RGS6', 'RGS3', 'GNG11', 'CNN1', 'RGS4', 'GJA1', 'RGS1', 'CALD1', 'RGS2', 'PRKAR2B', 'PRKAR2A', 'CDK5RAP2', 'PLCG1', 'SFN', 'PLCG2', 'PRKACB', 'RGS9', 'RGS7', 'JUN', 'GNG13', 'GNG12', 'IL1B', 'ACTA1', 'SP1', 'IL6', 'YWHAG', 'YWHAE', 'YWHAB', 'ITPR2', 'ADM', 'ITPR3', 'OXT', 'ITPR1', 'GNGT1', 'GRK4', 'GRK6', 'GRK5', 'YWHAQ', 'PDE4B', 'YWHAH', 'GABPA', 'NOS3', 'GSTO1', 'PDE4D', 'FOS', 'YWHAZ', 'GUCA2B', 'GUCA2A', 'RGS11', 'CRH', 'RGS10', 'ACKR3', 'LOC102641276', 'RAMP1', 'RAMP2', 'PLCB3', 'MYLK2', 'RYR2', 'RYR3', 'CAMK2D', 'RYR1', 'CAMK2A', 'CAMK2B', 'ATP2A3', 'ATP2A2', 'ARRB2', 'ACTC1', 'SLC8A1', 'ARRB1', 'NOS1', 'CAMK2G', 'LOC102641666', 'CORIN', 'Na']
NLR Proteins WP1256	['IKBKB', 'RELA', 'CD40', 'MAPK8', 'CHUK', 'ERBIN', 'MAP3K7', 'IKBKG', 'EPHB2', 'Na']
Neural Crest Differentiation WP2074	['TFAP2B', 'MSX3', 'MITF', 'ISL1', 'SOX10', 'PMP22', 'TFAP2A', 'HOXB1', 'DLL1', 'DLL3', 'DLL4', 'ASCL1', 'CDH7', 'PRTG', 'CDH6', 'MYB', 'GBX2', 'CDH2', 'CDH1', 'MPZ', 'HOXA1', 'MSX2', 'HES1', 'HES5', 'FZD3', 'WNT3A', 'MIA', 'SMAD1', 'GFAP', 'NFKB1', 'NFKB2', 'GJB1', 'COL2A1', 'FGF15', 'LHX2', 'TLX2', 'LHX1', 'FGFR1', 'SNAI2', 'LHX5', 'SNAI1', 'TCF4', 'FGFR3', 'FGFR2', 'NOTCH3', 'NOTCH4', 'NOTCH1', 'NOTCH2', 'HDAC11', 'CTBP2', 'HDAC10', 'TWIST1', 'FGF2', 'ETS1', 'RBPJ', 'FGF8', 'DMBX1', 'SOX9', 'MBP', 'SOX5', 'FOXD3', 'AXIN2', 'OLIG1', 'AXIN1', 'PAX7', 'OLIG2', 'OLIG3', 'PAX3', 'BMP7', 'RHOB', 'PHOX2B', 'BMP4', 'ID1', 'GSK3B', 'DLX5', 'BMYC', 'WNT8A', 'DVL1', 'DVL2', 'DVL3', 'WNT1', 'TCF7L1', 'ZIC5', 'TBX6', 'HAND1', 'DCT', 'NEUROG1', 'HDAC5', 'ITGB1', 'HDAC6', 'HDAC3', 'HDAC4', 'HDAC1', 'HDAC2', 'CTNNB1', 'COL11A2', 'HDAC9', 'HDAC7', 'HDAC8', 'HEY2', 'ZIC1', 'Na']
Non-homologous end joining WP1242	['XRCC5', 'XRCC6', 'XRCC4', 'MRE11A', 'PRKDC', 'RAD50', 'Na']
Non-odorant GPCRs WP1396	['TRHR', 'HTR5B', 'TAAR1', 'HTR5A', 'LPAR6', 'MRGPRD', 'AGTR2', 'VIPR2', 'VIPR1', 'RRH', 'C3AR1', 'NTSR1', 'NTSR2', 'PTGDR', 'XCR1', 'FZD2', 'FZD1', 'FZD4', 'FZD3', 'FZD6', 'FZD5', 'FZD8', 'FZD7', 'FZD9', 'NMBR', 'AVPR1A', 'AVPR1B', 'MC1R', 'CCKBR', 'PTGFR', 'CRHR1', 'NPY6R', 'NPFFR2', 'OXTR', 'LPAR2', 'LPAR3', 'CCR1L1', 'LPAR4', 'LPAR5', 'RXFP1', 'HTR6', 'RXFP2', 'ADCYAP1R1', 'GRPR', 'CRHR2', 'RXFP3', 'RXFP4', 'LPAR1', 'HTR4', 'GHRHR', 'GPR174', 'HTR7', 'GALR2', 'GALR1', 'FFAR4', 'FFAR3', 'FFAR2', 'CCR10', 'GPR17', 'CCR2', 'CCR1', 'GPR18', 'GABBR2', 'GPR15', 'GABBR1', 'FFAR1', 'TAS2R140', 'GPBAR1', 'TACR3', 'AGTR1A', 'TACR1', 'TAS2R144', 'TACR2', 'AGTR1B', 'MC3R', 'GPRC5A', 'GPRC5B', 'FSHR', 'ADGRL1', 'ADGRL2', 'GPRC5D', 'ADGRL3', 'ADGRL4', 'GIPR', 'OPRD1', 'TAS2R130', 'FPR1', 'ADRB1', 'PTH1R', 'ADRB2', 'ADRB3', 'TAS2R137', 'MC2R', 'CCKAR', 'GNRHR', 'CCR9', 'CCR8', 'GPR119', 'CCR7', 'CCR6', 'CCR4', 'OXGR1', 'NPSR1', 'CCR3', 'P2RY13', 'P2RY14', 'P2RY12', 'GCGR', 'TAS2R121', 'SCTR', 'TAS2R123', 'PTH2R', 'P2RY10', 'GPR6', 'TAS2R126', 'MAS1', 'GPR143', 'MC5R', 'F2RL1', 'F2RL2', 'RGR', 'F2RL3', 'PTGER1', 'PTGER2', 'PTGER3', 'PTAFR', 'PTGER4', 'CXCR6', 'TAS2R110', 'CXCR5', 'TAS2R118', 'GPRC6A', 'TAS2R119', 'GPR132', 'CXCR2', 'CXCR1', 'CXCR4', 'CXCR3', 'MC4R', 'NPY1R', 'TAS2R103', 'GPR50', 'TAS2R105', 'TAS2R108', 'MTNR1B', 'MTNR1A', 'LTB4R1', 'LTB4R2', 'APLNR', 'CHRM3', 'CHRM4', 'CHRM1', 'CHRM2', 'CELSR1', 'SUCNR1', 'GPR68', 'CHRM5', 'GPR65', 'CELSR2', 'CELSR3', 'PROKR1', 'PROKR2', 'CYSLTR2', 'CYSLTR1', 'S1PR2', 'CCRL2', 'ADORA3', 'S1PR1', 'KISS1R', 'S1PR4', 'ADORA1', 'S1PR3', 'S1PR5', 'GHSR', 'OPN3', 'OPN5', 'OPN4', 'CASR', 'F2R', 'ADRA2C', 'ADRA2B', 'ADRA2A', 'SMO', 'NMUR2', 'NMUR1', 'CALCRL', 'C5AR1', 'C5AR2', 'MCHR1', 'CALCR', 'ADGRG2', 'HCAR2', 'ADGRG1', 'NPY5R', 'HTR1F', 'AVPR2', 'HTR1D', 'HTR1B', 'OPRM1', 'SSTR1', 'SSTR2', 'HTR1A', 'SSTR3', 'SSTR4', 'SSTR5', 'TMIGD3', 'ADORA2B', 'ADORA2A', 'NPY4R', 'GLP1R', 'HTR2C', 'HTR2A', 'HTR2B', 'ADRA1D', 'ADRA1B', 'ADRA1A', 'HRH2', 'P2RY6', 'HRH1', 'ADGRE1', 'TBXA2R', 'HRH4', 'NPBWR1', 'HRH3', 'P2RY4', 'BDKRB1', 'ADGRE4', 'P2RY2', 'GPER1', 'ADGRE5', 'P2RY1', 'BDKRB2', 'DRD1', 'DRD2', 'DRD3', 'QRFPR', 'DRD4', 'DRD5', 'PRLHR', 'LHCGR', 'PTGIR', 'GLP2R', 'UTS2R', 'OPRK1', 'HCRTR1', 'TSHR', 'HCRTR2', 'ACKR1', 'ADGRB3', 'ADGRB1', 'ADGRB2', 'ACKR3', 'ACKR2', 'NPY2R', 'CX3CR1', 'GRM2', 'GRM1', 'GRM4', 'GRM3', 'EDNRA', 'GRM6', 'EDNRB', 'GRM5', 'GRM8', 'CNR2', 'GRM7', 'CNR1', 'Na']
Notch Signaling Pathway WP29	['CREBBP', 'JAG1', 'PTCRA', 'JAG2', 'DTX3L', 'SNW1', 'KAT2B', 'NCOR2', 'KAT2A', 'ADAM17', 'MFNG', 'NUMB', 'NOTCH3', 'NOTCH4', 'NOTCH1', 'RBPJL', 'NOTCH2', 'MAML3', 'HDAC1', 'CTBP2', 'HDAC2', 'CTBP1', 'MAML1', 'DTX1', 'DTX2', 'DTX3', 'RFNG', 'PSEN1', 'TNF', 'PSEN2', 'DTX4', 'DLL1', 'DLL3', 'DLL4', 'RBPJ', 'APH1B', 'LFNG', 'APH1A', 'DVL1', 'DVL2', 'DVL3', 'CIR1', 'HES1', 'NUMBL', 'NCSTN', 'HES5', 'Na']
Novel Jun-Dmp1 Pathway WP3654	['MAP2K2', 'JUN', 'CDKN2A', 'MAP2K1', 'FOS', 'TRP53', 'BRAF', 'CDK4', 'KRAS', 'RAF1', 'MDM2', 'RB1', 'ARF1', 'DMP1', 'ARAF', 'ETS1', 'ETS2', 'NRAS', 'CCND1', 'E2F1', 'RRAS', 'MYC', 'MAPK3', 'MAPK1', 'HRAS', 'JUNB', 'Na']
Nuclear Receptors WP509	['ESRRB', 'ESRRA', 'VDR', 'PPARA', 'NR1H3', 'NR1H2', 'NR2F2', 'NR2F1', 'NR0B1', 'NR1D2', 'NR2F6', 'ESR1', 'ESR2', 'NR5A2', 'AR', 'NR5A1', 'NR4A2', 'RARB', 'PPARG', 'RARA', 'PGR', 'ROR1', 'PPARD', 'THRB', 'NR1I2', 'THRA', 'RARG', 'NR1I3', 'NR2E1', 'RORC', 'NR3C1', 'NR2C2', 'RORA', 'NR4A1', 'RXRA', 'RXRB', 'HNF4A', 'RXRG', 'Na']
Nuclear receptors in lipid metabolism and toxicity WP431	['VDR', 'ABCC2', 'ABCA1', 'ABCC3', 'PPARA', 'NR1H3', 'CYP4B1', 'NR1H4', 'CYP8B1', 'CYP26A1', 'ABCB11', 'CYP24A1', 'CYP1A2', 'RARB', 'PPARG', 'ABCG1', 'RARA', 'CYP2E1', 'ABCG5', 'PPARD', 'ABCB4', 'ABCD3', 'ABCB1A', 'NR1I2', 'RARG', 'NR1I3', 'CYP7A1', 'CYP27B1', 'CYP2B10', 'ABCD2', 'Na']
Nucleotide GPCRs WP207	['P2RY6', 'TMIGD3', 'ADORA2B', 'LPAR6', 'P2RY4', 'LTB4R1', 'ADORA2A', 'P2RY2', 'P2RY1', 'ADORA3', 'LPAR4', 'ADORA1', 'Na']
Nucleotide Metabolism WP87	['PRPS2', 'RRM2', 'RRM1', 'ADSL', 'PRPS1', 'HPRT', 'SRM', 'SAT1', 'OAZ1', 'DHFR', 'NME2', 'POLA1', 'POLB', 'IMPDH1', 'MTHFD2', 'POLD1', 'RRM2B', 'POLG', 'ADSS', 'Na']
Odorant GPCRs WP1397	['OLFR1044', 'TAAR9', 'GPR55', 'GPR37L1', 'TAAR5', 'TAAR6', 'TAAR3', 'TAAR4', 'TAS2R102', 'TAAR2', 'TAS2R104', 'OLFR958', 'OLFR1444', 'TAS2R106', 'TAS2R107', 'TAS2R109', 'GPR165', 'GPR160', 'GPR162', 'GPR161', 'OLFR154', 'OLFR63', 'OLFR151', 'OLFR1030', 'MRGPRB8', 'MRGPRB2', 'MRGPRG', 'MRGPRB1', 'MRGPRH', 'MRGPRE', 'GPR63', 'MRGPRF', 'GPR61', 'MRGPRB5', 'MRGPRB4', 'MRGPRB3', 'GPR31B', 'GPR153', 'OLFR149', 'GPR152', 'GPR155', 'OLFR146', 'ADGRA2', 'OLFR145', 'ADGRA3', 'OLFR148', 'OLFR147', 'GPR150', 'OLFR142', 'VMN2R1', 'WLS', 'GPR157', 'GPR156', 'OLFR140', 'GPR158', 'OLFR1020', 'GPR75', 'GPR137B', 'GPR137C', 'ADGRF3', 'ADGRF4', 'ADGRF1', 'ADGRF2', 'GPR182', 'ADGRF5', 'GPR183', 'OPN1MW', 'GPR108', 'GPR107', 'GPR101', 'V1RA8', 'OLFR1094', 'GPR88', 'OLFR1095', 'GPR89', 'GPR87', 'GPR180', 'GPR84', 'OLFR1019', 'GPR85', 'GPR82', 'GPR83', 'OLFR19', 'OLFR6', 'ADGRG4', 'OLFR18', 'ADGRG5', 'OLFR15', 'HCAR1', 'GPR176', 'OLFR9', 'ADGRG3', 'GPR171', 'OLFR13', 'OLFR3', 'GPR173', 'OLFR11', 'ADGRG6', 'OLFR12', 'ADGRG7', 'OLFR10', 'OLFR1', 'CMKLR1', 'OLFR160', 'GPR179', 'OLFR1086', 'VMN1R48', 'VMN1R47', 'VMN1R46', 'GPR12', 'VMN1R45', 'MRGPRX1', 'TAS2R143', 'VMN1R43', 'SLC52A2', 'VMN1R42', 'OLFR1002', 'ADGRD1', 'OLFR998', 'OLFR1009', 'OLFR24', 'OLFR472', 'OPN1SW', 'GPR19', 'GPR26', 'GPR27', 'PTGDR2', 'GPR25', 'GPR22', 'GPR20', 'GPR21', 'VMN1R54', 'VMN1R53', 'TAS2R134', 'OPRL1', 'VMN1R52', 'TAS2R135', 'VMN1R51', 'TAS2R136', 'OLFR508', 'TAS2R138', 'OLFR507', 'TAS2R139', 'OLFR502', 'BRS3', 'OLFR867', 'OLFR186', 'OLFR187', 'OLFR183', 'TPRA1', 'GPR37', 'MRGPRA6', 'GPR35', 'GPR1', 'GPR33', 'GPR34', 'GPR3', 'TAS2R120', 'MRGPRA1', 'GPR4', 'TAS2R124', 'TAS2R125', 'MRGPRA4', 'OLFR1102', 'GPR142', 'OLFR139', 'TAS2R129', 'GPR141', 'GPR149', 'GPR146', 'LGR6', 'LGR5', 'LGR4', 'OLFR1052', 'TAAR7E', 'TAS2R113', 'TAS2R114', 'TAS2R116', 'TAS2R117', 'TAS1R1', 'GPR139', 'RHO', 'OLFR482', 'TAS1R3', 'TAS1R2', 'GPR135', 'OLFR481', 'GPR137', 'OLFR480', 'Na']
One Carbon Metabolism WP435	['DNMT3A', 'DNMT3B', 'AMT', 'MTHFR', 'MTHFS', 'DHFR', 'BHMT', 'MTHFD2', 'FOLH1', 'MAT1A', 'TCN2', 'MTHFD1', 'GART', 'DNMT1', 'MTFMT', 'AHCY', 'MTRR', 'AHCYL2', 'ALDH1L1', 'SHMT2', 'SHMT1', 'EHMT1', 'EHMT2', 'MTR', 'TYMS', 'FTCD', 'ATIC', 'MAT2B', 'MTHFD1L', 'Na']
One carbon metabolism and related pathways WP1770	['GPX1', 'GPX3', 'GPX2', 'GSR', 'GPX5', 'CHKB', 'GPX4', 'CHKA', 'GPX7', 'DNMT3A', 'GSS', 'GPX6', 'DNM1', 'BHMT', 'CHPT1', 'CTH', 'CDO1', 'AHCYL1', 'SHMT2', 'SHMT1', 'MTR', 'PLD1', 'TYMS', 'CSAD', 'PCYT1A', 'PCYT1B', 'PCYT2', 'GAD2', 'GAD1', 'BHMT2', 'MTHFR', 'GNMT', 'SOD3', 'SOD1', 'DHFR', 'BAAT', 'SOD2', 'GCLC', 'MAT1A', 'ETNK2', 'SARDH', 'ETNK1', 'CHDH', 'AGXT2', 'BCAT2', 'GCLM', 'BCAT1', 'PEMT', 'DMGDH', 'CBS', 'MAT2A', 'CEPT1', 'Na']
Orphan GPCRs WP1398	['TPRA1', 'GPR89', 'SLC52A2', 'GPR180', 'GPR4', 'GPR137B', 'GPR137C', 'GPR31B', 'ADGRG4', 'GPR155', 'GPR165', 'ADGRF2', 'ADGRF5', 'GPR161', 'GPR108', 'GPR107', 'WLS', 'GPR179', 'GPR137', 'Na']
Osteoblast WP238	['BGLAP2', 'COL1A1', 'PDGFRB', 'PDGFRA', 'PTH', 'TNFSF11', 'PTH1R', 'TNFRSF11B', 'SLC17A2', 'FGF23', 'Na']
Osteoclast WP454	['ATP6V1G1', 'TNFRSF11A', 'GPR68', 'ITGB3', 'PDGFB', 'TNFRSF11B', 'SLC9A1', 'TRPV5', 'CTSK', 'ACP5', 'TNFSF11', 'IFNB1', 'SPP1', 'IFNAR1', 'Na']
Ovarian Infertility Genes WP273	['SMAD3', 'TBP', 'EGR1', 'LHCGR', 'PRLR', 'VDR', 'MLH1', 'ESR2', 'GDF9', 'NR5A1', 'DAZL', 'NCOR1', 'CDK4', 'DMC1', 'MSH5', 'FSHR', 'ATM', 'ZP2', 'PGR', 'ZP3', 'INHA', 'BMPR1B', 'CEBPB', 'CDKN1B', 'PTGER2', 'CYP19A1', 'SYNE2', 'GJA4', 'CCND2', 'NRIP1', 'SMPD1', 'Na']
Oxidation by Cytochrome P450 WP1274	['CYB5B', 'CYP4B1', 'CYP7B1', 'CYP51', 'CYP8B1', 'CYB5A', 'CYP39A1', 'CYP2W1', 'CYP27A1', 'CYP4F39', 'CYP4F18', 'CYP26A1', 'CYP2U1', 'POR', 'CYP24A1', 'CYP26C1', 'CYP2S1', 'CYP11B2', 'CYP11B1', 'CYP21A1', 'CYP20A1', 'CYP1A2', 'CYP1A1', 'CYP2E1', 'CYP46A1', 'CYP7A1', 'CYP19A1', 'CYB5R3', 'CYP17A1', 'CYB5R2', 'CYP4X1', 'CYP27B1', 'CYP26B1', 'CYB5R4', 'CYP2R1', 'CYP4V3', 'CYP11A1', 'CYP1B1', 'CYP2F2', 'CYB5R1', 'Na']
Oxidative Damage WP1496	['MAP2K4', 'MAP3K1', 'CR2', 'C1RA', 'APAF1', 'BAD', 'GADD45A', 'TNK2', 'TRAF1', 'TRAF3', 'TRAF2', 'NFKB1', 'MAPK13', 'TNFRSF1B', 'CDC42', 'MAPK10', 'TDP2', 'TRAF6', 'BCL2', 'CYCT', 'HC', 'CYCS', 'NFKBIE', 'PCNA', 'C1QC', 'C1QB', 'C1QA', 'CDKN1B', 'LOC102643089', 'CDKN1C', 'C5AR1', 'CDKN1A', 'C3AR1', 'TNF', 'C2', 'C4B', 'CASP9', 'C1S1', 'BAG4', 'CASP3', 'MAP3K9', 'BAK1', 'Na']
Oxidative Stress WP412	['NQO1', 'GPX1', 'GPX3', 'GSR', 'UGT1A1', 'TXNRD2', 'TXNRD1', 'MT1', 'FOS', 'CYBA', 'SOD3', 'NFKB1', 'SOD1', 'MAPK14', 'SOD2', 'SP1', 'MAPK10', 'GCLC', 'CAT', 'CYP1A1', 'TXN2', 'NFIX', 'MAOA', 'GSTT2', 'MGST1', 'GABPB1', 'HMOX1', 'JUNB', 'Na']
Oxidative phosphorylation WP1248	['NDUFC2', 'NDUFC1', 'ATP5F1', 'NDUFS8', 'NDUFS7', 'NDUFS6', 'NDUFS5', 'NDUFS4', 'NDUFS3', 'NDUFS2', 'NDUFS1', 'ATP5S', 'NDUFB9', 'NDUFB8', 'NDUFB7', 'NDUFB6', 'NDUFB5', 'NDUFB10', 'ATP5L', 'ATP5A1', 'ATP5K', 'NDUFB2', 'ATP5J', 'ATP5O', 'ATP5J2', 'ATP5D', 'ATP5B', 'ATP5H', 'ATP5E', 'NDUFV3', 'NDUFV2', 'NDUFV1', 'NDUFA9', 'NDUFA8', 'NDUFA7', 'ATP6AP2', 'NDUFA6', 'NDUFA5', 'ATP6AP1', 'GZMB', 'NDUFA4', 'NDUFA3', 'NDUFA2', 'ND4L', 'NDUFA4L2', 'ND2', 'ND1', 'ND4', 'ND3', 'LOC102641678', 'LOC102641315', 'ND6', 'ND5', 'ATP8', 'NDUFA10', 'ATP6', 'NDUFA11', 'ATP5G3', 'ATP5G2', 'ATP5G1', 'NDUFA11B', 'LOC102641347', 'Na']
PPAR signaling pathway WP2316	['GK', 'ACSL3', 'HMGCS2', 'CYP4A10', 'ACSL1', 'APOA2', 'CYP4A14', 'ACSL6', 'APOA5', 'ACSL5', 'ACSL4', 'ACOX3', 'ACOX2', 'APOA1', 'ACOX1', 'MMP1A', 'CYP4A12A', 'CYP4A12B', 'SLC27A2', 'SLC27A1', 'ILK', 'ACAA1A', 'AQP7', 'UCP1', 'EHHADH', 'DBI', 'ACAA1B', 'CYP7A1', 'RXRA', 'PLTP', 'RXRB', 'CPT2', 'ME1', 'RXRG', 'CD36', 'PCK2', 'PCK1', 'ADIPOQ', 'CPT1B', 'CPT1A', 'PPARA', 'CYP4A31', 'PLIN1', 'CYP4A32', 'PDPK1', 'NR1H3', 'SORBS1', 'CYP8B1', 'CPT1C', 'FABP2', 'CYP27A1', 'FABP3', 'FABP4', 'FABP5', 'FABP6', 'FABP7', 'APOC3', 'ANGPTL4', 'PPARG', 'ACSBG2', 'ACSBG1', 'SLC27A4', 'PPARD', 'SLC27A6', 'FABP1', 'SLC27A5', 'MMP1B', 'CYP4A30B', 'LPL', 'GK2', 'CYP4A29', 'ACADM', 'UBC', 'ACADL', 'SCP2', 'SCD3', 'SCD4', 'SCD1', 'SCD2', 'OLR1', 'FADS2', 'Na']
Parkinsons Disease Pathway WP3638	['GPR37', 'APAF1', 'UBE2G2', 'SEPT5', 'UBE2G1', 'MAPK13', 'MAPK14', 'MAPK11', 'MAPK12', 'PINK1', 'TH', 'CCNE2', 'SYT11', 'CCNE1', 'CYCS', 'UBA1', 'PRKN', 'DDC', 'UBA7', 'LRRK2', 'HTRA2', 'PARK7', 'EPRS', 'SLC6A3', 'UBE2L6', 'UBE2J1', 'UBE2L3', 'UBE2J2', 'ATXN2', 'CASP9', 'UCHL1', 'SNCAIP', 'CASP6', 'UBB', 'CASP7', 'CASP2', 'CASP3', 'SNCA', 'GM10705', 'Na']
Pentose Phosphate Pathway WP63	['RPIA', 'G6PDX', 'RPE', 'PGLS', 'TALDO1', 'PGD', 'TKT', 'Na']
Peptide GPCRs WP234	['CCR2', 'TRHR', 'CCR1', 'NPY5R', 'AVPR2', 'NPY1R', 'TACR3', 'AGTR1A', 'TACR1', 'OPRM1', 'SSTR1', 'TACR2', 'SSTR2', 'SSTR3', 'SSTR4', 'AGTR1B', 'SSTR5', 'GCAT', 'MC3R', 'FSHR', 'AGTR2', 'OPRD1', 'NPY4R', 'C3AR1', 'FPR1', 'OPRL1', 'FPR3', 'BRS3', 'MC2R', 'CCKAR', 'BDKRB1', 'NTSR1', 'GNRHR', 'CCR9', 'BDKRB2', 'CCR8', 'CCR7', 'CCR6', 'CCR5', 'GHSR', 'CCR4', 'NTSR2', 'CCR3', 'LHCGR', 'OPRK1', 'NMBR', 'AVPR1A', 'AVPR1B', 'TSHR', 'MC1R', 'CCKBR', 'MC5R', 'NPY6R', 'OXTR', 'C5AR1', 'NPY2R', 'CX3CR1', 'CXCR6', 'CXCR5', 'CCR1L1', 'GRPR', 'EDNRA', 'EDNRB', 'CXCR2', 'GALR3', 'CXCR4', 'GALR2', 'CXCR3', 'GALR1', 'MC4R', 'CCR10', 'Na']
PluriNetWork WP1763	['ACVR1', 'GATAD2A', 'PPP2R1A', 'SMARCA2', 'DKK1', 'SMARCA4', 'GATAD2B', 'SMARCA5', 'PML', 'APC', 'TCL1', 'NOBOX', 'ATF2', 'LEF1', 'RNF2', 'SATB1', 'SATB2', 'HNRNPU', 'LRP5', 'EWSR1', 'DPYSL2', 'MTA1', 'MTA2', 'ZSCAN10', 'ZFP281', 'MYC', 'AKT1', 'CER1', 'PHC1', 'CREBBP', 'FZD1', 'INSR', 'PRKCG', 'CUBN', 'GADD45A', 'NR2F2', 'NR2F1', 'NR0B1', 'NR2F6', 'TERF2', 'THAP11', 'HCFC1', 'GDF9', 'OCLN', 'BCAM', 'WDR61', 'LOC102641751', 'NANOG', 'GRB2', 'SF1', 'NODAL', 'EZH1', 'EZH2', 'PAF1', 'RCOR2', 'INS1', 'CTBP2', 'CTBP1', 'CTR9', 'NEDD4L', 'GATA6', 'TWIST1', 'HIF1A', 'ICAM1', 'RBPJ', 'DNMT3L', 'SOX2', 'T', 'KAT5', 'MYBL2', 'PRKACA', 'FOXD3', 'NCOA1', 'H3F3C', 'H3F3A', 'TFEB', 'GAB1', 'LIF', 'TET1', 'NME2', 'PLET1', 'NR5A2', 'DAZL', 'P4HA1', 'ID1', 'MTF2', 'GM12657', 'REL', 'STK40', 'SGK1', 'PTPRS', 'RTN4R', 'DHX9', 'TFCP2L1', 'BRCA1', 'CTCF', 'MED12', 'ZMYM2', 'SHH', 'SOCS2', 'TERT', 'RRAS', 'TFE3', 'JARID2', 'LYAR', 'SUZ12', 'MEF2D', 'HELLS', 'LEFTY1', 'DFFA', 'MEF2C', 'CDKN2A', 'PBRM1', 'STAT3', 'MBD2', 'PARP1', 'MBD3', 'FOS', 'WWP2', 'ELP4', 'ZFX', 'POU5F1', 'HCK', 'AES', 'DDB1', 'RYBP', 'CD44', 'CDKN1A', 'CTNNB1', 'XPO4', 'EP300', 'ZFP143', 'HRAS', 'JAK1', 'TGFB1', 'TLE4', 'TFAP2C', 'UBE2I', 'YIPF2', 'TLE2', 'USP7', 'CDX2', 'WNT5A', 'FBXO15', 'MITF', 'TRP53', 'ARID3B', 'LIFR', 'MYCN', 'CDK2AP1', 'IL6ST', 'RAF1', 'TFAP2A', 'RELA', 'KDM1A', 'ROCK1', 'ROCK2', 'DGKA', 'FAM129A', 'MPL', 'NKD1', 'HIRA', 'RELB', 'YY1', 'NACC1', 'GBX2', 'CCND1', 'CDH1', 'RBBP4', 'PERP', 'EP400', 'LEO1', 'SMARCAD1', 'RBBP7', 'SPP1', 'KPNA2', 'SMAD3', 'ESRRB', 'PIAS4', 'SMAD2', 'SMAD4', 'WNT3A', 'MAP2K1', 'SMAD1', 'ZFP219', 'IGFBP3', 'INHBB', 'SMAD7', 'NFKB1', 'PIAS2', 'CREB1', 'ZFP42', 'SMO', 'NCL', 'FGFR1', 'TCF7', 'DNMT1', 'PIN1', 'CERS2', 'MDM2', 'NOTCH1', 'IRS1', 'KMT2D', 'RIF1', 'JADE1', 'PSEN1', 'IPO7', 'FGF4', 'FGF5', 'ZFP57', 'IPO9', 'SALL1', 'TPO', 'SALL3', 'SALL4', 'NPPB', 'PIM1', 'PIM3', 'POU2F1', 'KDM4C', 'SMURF1', 'DNMT3A', 'DNMT3B', 'PTPN11', 'MYOD1', 'AXIN1', 'ETV5', 'TGFBR1', 'UTF1', 'BMP4', 'RCN2', 'SP1', 'RBL2', 'SP3', 'DPPA4', 'CDK2', 'OGT', 'GRSF1', 'ERAS', 'SOS1', 'CABIN1', 'KDM5C', 'BMPR2', 'GSK3B', 'NPR1', 'NR2C1', 'CHD4', 'CDC73', 'DVL1', 'CASP3', 'OTX2', 'KDM6A', 'KDM6B', 'SMARCC1', 'EED', 'GADD45GIP1', 'TCF7L1', 'CAD', 'ATRX', 'SSRP1', 'EPOP', 'KLF5', 'MTOR', 'KLF4', 'TBX3', 'KLF2', 'KPNB1', 'ERCC5', 'REST', 'HAND2', 'TRIM33', 'KDM3A', 'ITGB1', 'HDAC4', 'HDAC1', 'HDAC2', 'UHRF1', 'EHMT1', 'EHMT2', 'PTEN', 'PIK3CD', 'ACVR1C', 'ACVR1B', 'ZIC3', 'SUMO1', 'SIN3A', 'ZIC2', 'MAPK3', 'MAPK1', 'TRIM28', 'LOC102641666', 'TRIM24', 'Na']
Primary Focal Segmental Glomerulosclerosis FSGS WP2573	['TGFB1', 'KIRREL2', 'KIRREL3', 'ACTN4', 'ITGA3', 'KRT8', 'LAMB2', 'DKK1', 'DNM1', 'PARVA', 'PAX2', 'INF2', 'WT1', 'CR1L', 'VIM', 'MYH9', 'IRF6', 'LIMS1', 'TLN1', 'UTRN', 'TLR4', 'AGRN', 'PCNA', 'SMARCAL1', 'PTPRO', 'ILK', 'CD80', 'LRP6', 'LRP5', 'CLDN1', 'CD2AP', 'CDH2', 'CTSL', 'YWHAQ', 'AKT1', 'PLCE1', 'DAG1', 'JAG1', 'TRPC6', 'MME', 'PLAUR', 'PTK2', 'MYO1E', 'NPHS1', 'COL4A3', 'NPHS2', 'LMX1B', 'COL4A5', 'COL4A4', 'FAT1', 'VCL', 'SCARB2', 'ITGB1', 'NOTCH1', 'CDKN1B', 'CDKN1C', 'CD151', 'CDKN1A', 'LAMA5', 'CTNNB1', 'ITGB4', 'CAMK2B', 'ITGB3', 'MKI67', 'VTN', 'PODXL', 'CDK5RAP2', 'PLCG1', 'ITGAV', 'FYN', 'SYNPO', 'NCK1', 'Na']
Prostaglandin Synthesis and Regulation WP374	['EDN1', 'PTGIS', 'ANXA1', 'ANXA2', 'ANXA3', 'PTGIR', 'ANXA4', 'ANXA5', 'ANXA6', 'PLA2G4A', 'SCGB1A1', 'TBXAS1', 'S100A6', 'PTGFR', 'PTGER1', 'HPGD', 'PTGER2', 'PTGER3', 'PTGER4', 'PRL', 'PTGS1', 'PTGS2', 'HSD11B2', 'EDNRA', 'EDNRB', 'CYP11A1', 'ANXA8', 'S100A10', 'PTGDR', 'HSD11B1', 'PTGDS', 'Na']
Proteasome Degradation WP519	['UBE2B', 'PSMB9', 'PSMC6', 'PSMC4', 'PSMC5', 'PSMC2', 'PSMC3', 'IFNG', 'PSMC1', 'PSMD11', 'PSMD13', 'PSMD12', 'UBA7', 'UBE2D3', 'RPN1', 'RPN2', 'UBE2D1', 'PSMB10', 'PSMD9', 'PSMD7', 'UCHL1', 'PSMD8', 'PSMD5', 'PSMD6', 'PSMD3', 'PSMD4', 'PSMD2', 'HIST1H2AN', 'H2AFZ', 'H2AFX', 'UCHL4', 'PSMA6', 'PSMA7', 'PSMA4', 'PSMA5', 'PSMA2', 'PSMA3', 'NEDD4', 'PSME2', 'PSME3', 'UBA1', 'PSME1', 'H2-Q10', 'UBE2D2A', 'PSMB7', 'PSMB8', 'PSMB5', 'PSMB6', 'PSMB4', 'UBB', 'PSMB1', 'PSMB2', 'Na']
Ptf1a related regulatory pathway WP201	['NOTCH1', 'KAT2B', 'RBPJL', 'CTNNB1', 'PROX1', 'FGF10', 'PDX1', 'HES1', 'NKX6-1', 'PTF1A', 'RBPJ', 'Na']
Purine metabolism WP2185	['ENTPD1', 'ENTPD4B', 'ENTPD2', 'GUCY1A2', 'ENTPD3', 'GUCY1A1', 'ENTPD4', 'ENTPD5', 'PDE6H', 'ENTPD6', 'PDE6G', 'ENTPD8', 'POLR3A', 'POLR3B', 'ADPRM', 'POLR3C', 'POLR3D', 'POLE2', 'POLE3', 'POLR3E', 'POLR3F', 'POLE4', 'POLR3G', 'POLR3H', 'POLR3K', 'UOX', 'PDE7B', 'PDE7A', 'ADCY10', 'ALLC', 'HDDC3', 'GDA', 'ADCY1', 'ADCY5', 'ADCY4', 'PRUNE1', 'ADCY3', 'ADCY2', 'PAPSS1', 'ADCY9', 'ADCY8', 'ADCY7', 'ADCY6', 'PAPSS2', 'PNP', 'NT5E', 'NT5C', 'NT5M', 'PDE8B', 'PDE8A', 'HPRT', 'ADSSL1', 'ITPA', 'PNP2', 'PDE9A', 'GUCY1B2', 'GUCY1B1', 'PDE1C', 'AK1', 'PDE1B', 'PDE1A', 'AK2', 'AK4', 'AK5', 'AK6', 'AK7', 'AK8', 'DGUOK', 'PPAT', 'PDE2A', 'PAICS', 'PNPT1', 'POLR3GL', 'URAH', 'AMPD1', 'NME3', 'AMPD2', 'NME4', 'AMPD3', 'NME5', 'NME6', 'NME1', 'NME2', 'POLA1', 'NT5C1A', 'POLA2', 'NME7', 'RRM2B', 'NT5C1B', 'PDE3B', 'PDE3A', 'GART', 'ADA', 'GUCY2D', 'GUCY2C', 'GUCY2F', 'GUCY2E', 'NPR1', 'NPR2', 'GMPR', 'ADK', 'GMPS', 'NT5C3', 'FHIT', 'PDE11A', 'NT5C2', 'ATIC', 'ZNRD1', 'PDE4C', 'URAD', 'PDE4B', 'PDE4A', 'PRPS1L1', '1700080E11RIK', 'PRPS1L3', 'RRM2', 'PKLR', 'RRM1', 'ADSL', 'PDE4D', 'DCK', 'APRT', 'PKM', 'PDE10A', 'NUDT9', 'IMPDH1', 'POLR1A', 'POLR1B', 'IMPDH2', 'POLR1C', 'POLR1D', 'POLR1E', 'TAF9', 'PDE5A', 'PRPS2', 'PFAS', 'CANT1', 'GMPR2', 'PRIM2', 'PRPS1', 'PRIM1', 'NUDT2', 'NUDT5', 'POLD4', 'GUK1', 'POLE', 'POLR2A', 'POLR2B', 'POLD1', 'POLR2C', 'ENPP1', 'POLD2', 'POLR2D', 'POLD3', 'POLR2E', 'ENPP3', 'POLR2F', 'PDE6D', 'POLR2G', 'POLR2H', 'XDH', 'PDE6C', 'PDE6B', 'POLR2I', 'ADSS', 'POLR2J', 'NUDT16', 'PDE6A', 'PGM2', 'POLR2L', 'PGM1', 'Na']
Regulation of Actin Cytoskeleton WP523	['GSN', 'PDGFRB', 'EGF', 'PDGFRA', 'ACTN1', 'MOS', 'APC', 'MYL1', 'MYL3', 'ABI2', 'PFN1', 'RAF1', 'CHRM3', 'CHRM4', 'CYFIP2', 'CHRM1', 'CHRM2', 'ROCK1', 'ROCK2', 'CHRM5', 'FGD1', 'EGFR', 'SLC9A1', 'ARHGAP35', 'NRAS', 'ACTB', 'PAK2', 'PAK1', 'CFL2', 'PIP4K2A', 'FGF21', 'CFL1', 'PAK7', 'FGF20', 'PIP4K2B', 'PIP4K2C', 'PAK4', 'MYH10', 'PAK3', 'PAK6', 'FGF23', 'FGF22', 'MAP2K2', 'F2R', 'MAP2K1', 'ARPC5', 'SSH3', 'SSH1', 'SSH2', 'PTK2', 'FGF18', 'DIAPH1', 'FGF17', 'FGF16', 'DIAPH3', 'FGF15', 'PIK3R1', 'FGFR1', 'FGF10', 'FGF14', 'FGFR4', 'FGF13', 'EZR', 'FGFR3', 'FGF12', 'VIL1', 'FGFR2', 'FGF11', 'VCL', 'INS1', 'INS2', 'PXN', 'ACTG1', 'PDGFB', 'PDGFA', 'FGF1', 'FGF2', 'FGF3', 'FGF4', 'MYLK', 'FGF5', 'FGF6', 'FGF7', 'FGF8', 'FGF9', 'RASSF7', 'PIP5K1A', 'PIP5K1B', 'PIP5K1C', 'CD14', 'ITGA1', 'RHOA', 'PPP1R12A', 'LIMK1', 'RDX', 'MSN', 'FN1', 'BRAF', 'BAIAP2', 'GNG12', 'VAV1', 'ENAH', 'MRAS', 'PIK3CB', 'PIK3CA', 'ARHGEF4', 'PIK3C3', 'SOS2', 'DOCK1', 'ARHGEF6', 'ARHGEF7', 'BCAR1', 'SOS1', 'ARHGEF1', 'PIK3R5', 'PIK3R4', 'PIK3R3', 'IQGAP1', 'BRK1', 'PIK3R2', 'PIP5KL1', 'RRAS2', 'BDKRB1', 'RRAS', 'BDKRB2', 'LOC105242481', 'WASF1', 'WASF2', 'APC2', 'F2', 'CDC42', 'CRK', 'KRAS', 'NCKAP1', 'WAS', 'PIK3CD', 'PIK3C2G', 'PIK3C2B', 'PIK3C2A', 'PIK3CG', 'TMSB4X', 'GNA12', 'GNA13', 'MAPK3', 'RAC3', 'RAC1', 'MAPK1', 'RAC2', 'CSK', 'MAPK6', 'GIT1', 'MAPK4', 'Na']
Regulation of Cardiac Hypertrophy by miR-208 WP1526	['MED13', 'GJA5', 'MSTN', 'GATA4', 'MYH7', 'HOPX', 'Na']
Retinol metabolism WP1259	['ABCG8', 'RPE65', 'DHRS3', 'RBP7', 'SULT2B1', 'CYP26A1', 'ALDH1A1', 'RBP4', 'ALDH1A3', 'RBP1', 'ALDH1A2', 'RBP2', 'RDH5', 'RARB', 'RARA', 'CYP2E1', 'ABCG5', 'RETSAT', 'RARG', 'LPL', 'CRABP1', 'CRABP2', 'RDH8', 'RLBP1', 'ADH4', 'SULT1A1', 'RXRA', 'CYP26B1', 'RXRB', 'NPC1L1', 'ADH1', 'RDH12', 'RDH10', 'LRAT', 'RXRG', 'CD36', 'BCO2', 'BCO1', 'SCARB1', 'Na']
Robo4 and VEGF Signaling Pathways Crosstalk WP3864	['ROBO4', 'SRC', 'SLIT2', 'KDR', 'RAC1', 'VEGFA', 'Na']
SIDS Susceptibility Pathways WP1266	['CHRNB2', 'IL10', 'CHRNB4', 'CAV3', 'HTR1A', 'PHOX2B', 'PHOX2A', 'SP1', 'IL6', 'FEV', 'CC2D1A', 'RET', 'CHRNA4', 'TPH2', 'VIPR2', 'TPH1', 'VIPR1', 'MAOA', 'IL6RA', 'HTR2A', 'TNF', 'CTCF', 'ASCL1', 'C4B', 'NKX2-2', 'HES1', 'PPARGC1A', 'PPARGC1B', 'KCNH2', 'HES5', 'EN1', 'POU3F2', 'NFKB1', 'AR', 'ADCYAP1', 'CREB1', 'LMX1B', 'REST', 'KCNQ1', 'TLX3', 'GNB3', 'AVP', 'RYR2', 'CDCA7L', 'LOC102643089', 'DDC', 'YBX1', 'ECE1', 'HSPD1', 'GATA3', 'NR3C1', 'ADCYAP1R1', 'FOXM1', 'GATA2', 'RORA', 'SLC6A4', 'DEAF1', 'EP300', 'SCN5A', 'NKX3-1', 'NFYA', 'Na']
SREBF and miR33 in cholesterol and lipid homeostasis WP2084	['SREBF1', 'SREBF2', 'MED15', 'PPARA', 'NR1H3', 'SIRT6', 'HMGCR', 'PPARGC1A', 'SIRT1', 'MTOR', 'LDLR', 'Na']
Selenium Micronutrient Network WP1272	['GPX1', 'PTGIS', 'GPX3', 'GPX2', 'GSR', 'GPX4', 'GPX6', 'MTHFR', 'MTR', 'KMO', 'SELENOK', 'SELENOP', 'CAT', 'TBXAS1', 'ALOX5', 'PNPO', 'XDH', 'COX2', 'COX1', 'PTGES', 'FADS2', 'PTGDS', 'FADS1', 'Na']
Selenium metabolism/Selenoproteins WP108	['GPX1', 'POU2F1', 'GPX3', 'JUN', 'GPX2', 'TXNRD3', 'GPX4', 'DIO1', 'TXNRD2', 'TXNRD1', 'DIO2', 'GPX6', 'SARS', 'DIO3', 'TRNAU1AP', 'SELENOP', 'SELENOO', 'SARS2', 'SP1', 'SELENON', 'SELENOM', 'SP3', 'SELENOT', 'SELENOS', 'CTH', 'GM7429', 'SELENOW', 'SELENOV', 'NFE2L2', 'RELA', 'GM6570', 'SELENOH', 'SELENOK', 'SELENOI', 'SELENBP2', 'SEPHS1', 'SEPHS2', 'EEFSEC', 'SECISBP2', 'FOS', 'NFKB1', 'SELENBP1', 'SCLY', 'MSRB1', 'FABP1', 'RPL30', 'CREM', 'SEPSECS', 'GM6109', 'PSTK', 'Na']
Serotonin and anxiety-related events WP2140	['CRHR1', 'PLEK', 'NLGN1', 'HTR2C', 'FOS', 'PRKCB', 'HTR2A', 'HTR1A', 'GRIN2D', 'PPP3CA', 'ARC', 'CRH', 'PLCD4', 'Na']
Serotonin and anxiety WP2141	['GABRA1', 'PLEK', 'FMR1', 'CAMK2B', 'HTR2C', 'FOS', 'PRKCB', 'TRPV1', 'HTR2A', 'EEF2', 'HTR1A', 'ADRA1A', 'GRM1', 'PPP3CA', 'POMC', 'ARC', 'CRH', 'PLCD4', 'Na']
Signal Transduction of S1P Receptor WP57	['ASAH2', 'SPHK2', 'SPHK1', 'PIK3C2G', 'GNAI1', 'GNAI2', 'GNAI3', 'MAPK12', 'RACGAP1', 'AKT3', 'SMPD2', 'AKT1', 'MAPK3', 'S1PR2', 'S1PR1', 'AKT2', 'MAPK1', 'S1PR3', 'MAPK7', 'MAPK6', 'S1PR5', 'PLCB3', 'Na']
Signaling of Hepatocyte Growth Factor Receptor WP193	['ITGA1', 'MAP2K2', 'JUN', 'MAP4K1', 'MAP2K1', 'STAT3', 'HGF', 'FOS', 'PTPN11', 'GAB1', 'PTK2', 'RASA1', 'PIK3CA', 'MET', 'CRK', 'RAPGEF1', 'GRB2', 'DOCK1', 'RAF1', 'SOS1', 'ITGB1', 'SRC', 'PXN', 'PTEN', 'ELK1', 'CRKL', 'RAP1A', 'PAK1', 'RAP1B', 'MAPK8', 'MAPK3', 'PTK2B', 'MAPK1', 'HRAS', 'Na']
Small Ligand GPCRs WP353	['PTGFR', 'PTGER1', 'PTGIR', 'PTGER2', 'PTGER3', 'PTAFR', 'PTGER4', 'LPAR1', 'MTNR1B', 'MTNR1A', 'TBXA2R', 'CNR2', 'CNR1', 'S1PR2', 'S1PR1', 'S1PR4', 'S1PR3', 'PTGDR', 'Na']
Spinal Cord Injury WP2432	['TGFB1', 'IL1R1', 'TRP53', 'PDYN', 'GRIN1', 'CXCL10', 'LTB4R1', 'VIM', 'HC', 'CSPG4', 'EPHA4', 'RB1', 'ROCK2', 'XYLT1', 'TNF', 'NTN1', 'AQP4', 'PIRB', 'EFNB2', 'ZFP36', 'CCND1', 'E2F1', 'CHST11', 'MYC', 'SLIT2', 'SLIT1', 'E2F5', 'SLIT3', 'NGFR', 'EGR1', 'SEMA6A', 'GADD45A', 'TNFSF13', 'OMG', 'PRKCA', 'GFAP', 'COL2A1', 'BCAN', 'SELP', 'MAG', 'GDNF', 'NOX4', 'PLA2G5', 'PLA2G6', 'NR4A1', 'ICAM1', 'GJA1', 'PLXNA2', 'SOX9', 'MBP', 'CCR2', 'RHOA', 'ANXA1', 'BDNF', 'TACR1', 'MMP9', 'RGMA', 'RHOB', 'RHOC', 'IL2', 'IL1A', 'IL1B', 'MMP12', 'IL4', 'VCAN', 'FCGR2B', 'IL6', 'PTPRA', 'CDK4', 'IFNG', 'CDK2', 'CCNG1', 'CDK1', 'TLR4', 'RTN4', 'BTG2', 'RTN4R', 'CXCL2', 'CXCL1', 'KLK8', 'PPP3CA', 'CASP3', 'ARG1', 'FOS', 'FKBP1A', 'COL4A1', 'GAP43', 'LTB', 'CD47', 'NCAN', 'TNFSF13B', 'ACAN', 'PTPRZ1', 'PRB1', 'MAPK3', 'NOS1', 'CCL2', 'MAPK1', 'NOS2', 'Na']
Splicing factor NOVA regulated synaptic proteins WP1983	['KCNJ6', 'GABBR2', 'NTNG1', 'CADM3', 'CAV2', 'CADM1', 'APLP2', 'CASK', 'ANK3', 'ATP2B1', 'GRIN1', 'GABRG2', 'PLCB4', 'PRKCZ', 'SNW1', 'DAB1', 'KCNQ2', 'KCNMA1', 'TERF2IP', 'AGRN', 'EPB41', 'STXBP2', 'CLSTN1', 'GRIK2', 'CSN3', 'RAP1GAP', 'EFNA5', 'GPHN', 'GRIN2B', 'MAPK9', 'EPB41L1', 'MAP4', 'CDH2', 'EPB41L2', 'CHL1', 'EPB41L3', 'CLASP1', 'NCDN', 'NEO1', 'CAMK2G', 'STX2', 'MAPK4', 'Na']
Statin Pathway WP1	['ABCA1', 'LRP1', 'DGAT1', 'MTTP', 'LPL', 'LCAT', 'HMGCR', 'APOA4', 'CYP7A1', 'LIPC', 'PLTP', 'APOC1', 'APOC3', 'APOA1', 'SOAT1', 'APOC2', 'APOE', 'SCARB1', 'LDLR', 'Na']
Steroid Biosynthesis WP55	['GM10681', 'HSD3B5', 'HSD3B6', 'HSD3B3', 'HSD3B4', 'HSD3B1', 'HSD3B2', 'HSD17B4', 'HSD17B7', 'CYP17A1', 'HSD17B1', 'HSD17B2', 'HSD17B3', 'F13B', 'Na']
Striated Muscle Contraction WP216	['TMOD1', 'MYBPC2', 'MYBPC3', 'ACTN4', 'TPM4', 'TNNC1', 'ACTN3', 'TNNC2', 'TPM3', 'ACTN2', 'TPM2', 'NEB', 'MYBPC1', 'DES', 'JSRP1', 'MYH1', 'ACTA2', 'ACTA1', 'MYH3', 'MYH4', 'MYL1', 'TNNT1', 'TNNT2', 'MYL2', 'TNNT3', 'MYL3', 'MYL4', 'VIM', 'TCAP', 'CASQ2', 'MYL9', 'MYH6', 'MYH7', 'MYH8', 'MYOM1', 'MYOM2', 'SMPX', 'ACTG1', 'TTN', 'ACTC1', 'TNNI2', 'TPM1', 'TNNI3', 'DMD', 'TNNI1', 'Na']
Synthesis and Degradation of Ketone Bodies WP543	['HMGCL', 'HMGCS2', 'OXCT1', 'BDH1', 'ACAT1', 'Na']
TCA Cycle WP434	['PDHA2', 'MDH2', 'IDH3G', 'PDHA1', 'PDHX', 'IDH2', 'SDHD', 'SDHB', 'SDHC', 'FH1', 'CS', 'SDHA', 'PDP2', 'PDP1', 'SUCLA2', 'SUCLG2', 'DLD', 'ACO2', 'SUCLG1', 'OGDH', 'PCX', 'DLST', 'PDHB', 'PDK4', 'DLAT', 'MDH1', 'PDK1', 'IDH3A', 'PDK3', 'IDH3B', 'PDK2', 'Na']
TGF Beta Signaling Pathway WP113	['TGFB1', 'EGF', 'JUN', 'FOXH1', 'LIF', 'TGFBR1', 'RUNX3', 'TGFBR2', 'TGFBR3', 'RUNX2', 'SKI', 'BMP4', 'ZEB2', 'BAMBI', 'IFNG', 'LEF1', 'ZFYVE9', 'SERPINE1', 'TNF', 'TFE3', 'SPP1', 'WNT1', 'SKIL', 'SMAD3', 'CREBBP', 'TGIF1', 'SMAD2', 'SMAD5', 'SMAD4', 'STAT1', 'NOG', 'STAT3', 'SMAD1', 'FST', 'FOS', 'INHBA', 'SMAD7', 'NFKB1', 'SMAD6', 'SMAD9', 'FKBP1A', 'ENG', 'ZFP423', 'ITGB6', 'CTNNB1', 'THBS1', 'LTBP1', 'MAPK9', 'EP300', 'MAPK3', 'HRAS', 'JAK1', 'Na']
TNF-alpha NF-kB Signaling Pathway WP246	['MAP3K3', 'CASP8AP2', 'MAP3K1', 'UBE2I', 'MAP3K2', 'FBXW11', 'UNC5CL', 'CRADD', 'CD3EAP', 'TRPC4AP', 'SMARCA4', 'PML', 'PSMC2', 'FANCD2', 'COPS3', 'PSMC3', 'PSMC1', 'PDCD2', 'FKBP5', 'NSMAF', 'GTF2I', 'RELA', 'SMARCB1', 'ZFAND5', 'TIFA', 'AKAP8', 'PEBP1', 'TNF', 'TANK', 'RELB', 'FBL', 'DCAF7', 'CCAR2', 'PSMD7', 'PSMD6', 'PSMD3', 'AKT1', 'PSMD1', 'CAPN3', 'USP2', 'FLNA', 'AKT2', 'KPNA6', 'KPNA3', 'MAP3K8', 'BTRC', 'LOC102643269', 'AZI2', 'KPNA2', 'CREBBP', 'MAP2K5', 'NLRP4E', 'ACTL6A', 'TRAF1', 'COMMD1', 'TRAF3', 'TRAF2', 'NFKB1', 'PIAS3', 'NFKB2', 'PTK2', 'PRKCZ', 'TRAF4', 'CSNK2B', 'TRAF6', 'LOC105242493', 'LOC102641751', 'TAB3', 'TAB2', 'MAP3K14', 'TAB1', 'BIRC2', 'BIRC3', 'RPL6', 'RPL4', 'RPL30', 'CUL1', 'RPL8', 'TBK1', 'RNF216', 'BAG4', 'G3BP2', 'DPF2', 'GM6109', 'TNFRSF8', 'PAPOLA', 'RPS11', 'PRKACA', 'RPS13', 'MARK2', 'HSP90AA1', 'PEG3', 'RIPK3', 'CAV1', 'SMARCE1', 'CFLAR', 'NFKBIZ', 'PTPN11', 'GAB1', 'TNIP1', 'MCC', 'TNFRSF1A', 'TNFRSF1B', 'LRPPRC', 'NFKBIB', 'NFKBIA', 'CYLD', 'DAP', 'TNIP2', 'GM7429', 'BCL3', 'ALPL', 'MCM5', 'REL', 'MCM7', 'NFKBIE', 'YWHAG', 'PSMD13', 'DDX3X', 'GSK3B', 'PSMD12', 'YWHAE', 'GM6570', 'TNFRSF11A', 'YWHAB', 'TRADD', 'TNFAIP3', 'MTIF2', 'RASAL2', 'IQGAP2', 'NR2C2', 'HSPB1', 'GLG1', 'CASP8', 'NKIRAS1', 'BCL7A', 'NKIRAS2', 'CASP7', 'CASP2', 'CASP3', 'FADD', 'RIPK2', 'RIPK1', 'YWHAH', 'LOC102642137', 'SMARCC1', 'SMARCC2', 'STAT1', 'RNF25', 'CSNK2A2', 'CSNK2A1', 'CHUK', 'ELP1', 'KTN1', 'TRAIP', 'YWHAZ', 'PPP2CA', 'TXLNA', 'CDC34', 'POLR1A', 'RPS6KB1', 'POLR1B', 'KCNQ1', 'CDC37', 'POLR1C', 'POLR1D', 'POLR1E', 'PKN1', 'PFDN2', 'EIF4A3', 'HDAC6', 'SRC', 'HDAC1', 'HSP90AB1', 'FAF1', 'USP11', 'HDAC2', 'RPS6KA5', 'IKBKB', 'PSMB5', 'SKP1A', 'PPP1R13L', 'SUMO1', 'POLR2H', 'RACK1', 'IKBKG', 'IKBKE', 'Na']
TYROBP Causal Network WP3625	['GPX1', 'ABCC4', 'IL10RA', 'IL18', 'TYROBP', 'LHFPL2', 'TGFBR1', 'RUNX3', 'TNFRSF1B', 'APBB1IP', 'SLC7A7', 'CD4', 'ELF4', 'NPC2', 'DPYD', 'SFT2D2', 'TMEM106A', 'IGSF6', 'CD84', 'SLC1A5', 'CXCL16', 'LOXL3', 'ZFP36L2', 'PYCARD', 'CREB3L2', 'CD37', 'SPP1', 'GAL3ST4', 'SH2B3', 'NCKAP1L', 'RNASE6', 'ADAP2', 'MAF', 'BIN2', 'HCLS1', 'GAPT', 'RBM47', 'C1QC', 'ITGB2', 'NRROS', 'PPP1R18', 'KCNE3', 'NCF2', 'PLEK', 'FKBP15', 'TCIRG1', 'CAPG', 'ITGAM', 'SAMSN1', 'C3', 'HLX', 'LYL1', 'RPS6KA1', 'RGS1', 'ITGAX', 'CYTL1', 'IL13RA1', 'STAT5A', 'Na']
Toll Like Receptor signaling WP88	['RALBP1', 'CHUK', 'EIF2AK2', 'TIRAP', 'TRAF3', 'IRAK4', 'TICAM2', 'NFKB1', 'TICAM1', 'NFKB2', 'MAPK14', 'TLR2', 'MYD88', 'ABI1', 'MAL', 'TRAF6', 'IRF3', 'TAB2', 'MXD3', 'TLR4', 'TLR3', 'NR2C2', 'IKBKB', 'CASP8', 'IRAK2', 'TBK1', 'IRAK3', 'IRAK1', 'CASP3', 'FADD', 'IKBKG', 'IKBKE', 'MAP2K6', 'Na']
Translation Factors WP307	['EIF5A', 'EIF2AK2', 'EIF2AK1', 'EIF2AK3', 'EEF1A2', 'EEF1A1', 'EEF1D', 'EEF1G', 'ETF1', 'PABPC1', 'PABPC2', 'EIF1A', 'EIF4B', 'EIF3J1', 'EIF4H', 'EIF4E', 'EIF2B5', 'EIF3A', 'EIF2B4', 'EIF2B3', 'EEF2', 'EIF2S2', 'EIF1', 'EIF2S1', 'EIF5', 'EIF6', 'EIF3H', 'EIF4G1', 'EIF3I', 'EIF3F', 'EIF3G', 'EIF3D', 'EIF3E', 'LOC102641436', 'EIF4G3', 'EIF3B', 'EIF3C', 'EIF4G2', 'EIF4A2', 'EIF4A1', 'EIF4EBP1', 'EEF1B2', 'EEF2K', 'EIF2S3X', 'EIF4EBP2', 'EIF4EBP3', 'EIF2S3Y', 'EIF2B2', 'EIF2B1', 'PAIP1', 'Na']
Triacylglyceride Synthesis WP386	['GK', 'DGAT2', 'DGAT1', 'MOGAT2', 'LPL', 'MOGAT1', 'AGPAT1', 'AGPAT2', 'GK2', 'LIPC', 'AGPAT3', 'AGPAT4', 'AGPAT5', 'LIPF', 'LIPE', 'GPD1', 'GPAM', 'AGPS', 'GNPAT', 'PLPP3', 'PNPLA2', 'PLPP2', 'PLPP1', 'Na']
Tryptophan metabolism WP79	['WARS', 'CYP2J6', 'RNF25', 'AADAT', 'AOC1', 'INMT', 'PRMT1', 'CYP7B1', 'DHCR24', 'CYP4F14', 'ALDH3A2', 'CAT', 'ALDH1A1', 'ALDH1A2', 'CYP1A2', 'CYP1A1', 'ALDH9A1', 'CYP2E1', 'IDO1', 'GCDH', 'MDM2', 'OGDH', 'TPH1', 'DDC', 'MAOB', 'ASMT', 'HAAO', 'ACMSD', 'ACAT1', 'UBR5', 'UBE3A', 'ECHS1', 'CYP19A1', 'HSD17B10', 'AANAT', 'TDO2', 'ALDH2', 'CYP2C55', 'AFMID', 'KYNU', 'AOX1', 'CYP1B1', 'CYP2F2', 'HADH', 'Na']
Type II interferon signaling (IFNG) WP1253	['GBP2B', 'PRKCD', 'STAT1', 'IFNGR1', 'STAT2', 'IFNGR2', 'EIF2AK2', 'PTPN11', 'CYBB', 'TAP1', 'ISG15', 'PSMB9', 'HIST2H4', 'CXCL10', 'IL1B', 'IRF1', 'IRF4', 'IRF2', 'IFNG', 'IRF8', 'IRF9', 'SPI1', 'CXCL9', 'IFIT2', 'ICAM1', 'SOCS3', 'SOCS1', 'LOC102641229', 'IFNB1', 'REG1', 'NOS2', 'CIITA', 'JAK1', 'JAK2', 'Na']
White fat cell differentiation WP2872	['STAT5B', 'SREBF1', 'EGR2', 'TLE3', 'WNT10B', 'TCF7L1', 'NR1H3', 'EBF1', 'NR2F2', 'KLF15', 'KLF5', 'KLF4', 'KLF2', 'CREB1', 'IRF4', 'IRF3', 'PPARG', 'DDIT3', 'RARA', 'CEBPA', 'INS1', 'CEBPB', 'ZFP423', 'CEBPD', 'GATA3', 'NR3C1', 'GATA2', 'RORA', 'FOXO1', 'MECOM', 'CTNNA1', 'STAT5A', 'Na']
Wnt Signaling Pathway NetPath WP539	['CTNNBIP1', 'CRYBB2', 'WNT5A', 'HIPK2', 'DKK1', 'MAPK8IP1', 'RUNX2', 'CDC25C', 'SFRP2', 'APC', 'ROR2', 'RAF1', 'TFAP2A', 'LEF1', 'LRP1', 'LRP6', 'LRP5', 'NKD1', 'SFRP1', 'RUVBL1', 'FRAT1', 'FRAT2', 'MYB', 'CCND1', 'CSNK1D', 'CDH1', 'AKT1', 'MAP3K7', 'BTRC', 'SMAD3', 'FZD2', 'FZD1', 'PIAS4', 'FZD4', 'SMAD4', 'WNT3A', 'FZD6', 'FZD5', 'FZD8', 'FZD7', 'FZD9', 'PRKCB', 'CSNK1E', 'PRKCA', 'VANGL2', 'DLG1', 'DLG2', 'DLG4', 'CSNK2B', 'TCF4', 'TCF3', 'PIN1', 'CTBP2', 'CTBP1', 'CUL1', 'NLK', 'SOX1', 'SALL1', 'SOX9', 'MARK2', 'RHOA', 'CSNK1A1', 'JUN', 'JUP', 'AXIN2', 'AXIN1', 'SENP2', 'PAX2', 'NR5A1', 'BCL9', 'DAB2', 'CDK1', 'TAX1BP3', 'GSK3B', 'DVL1', 'DVL2', 'DVL3', 'WNT1', 'ANKRD6', 'WNT2', 'WNT3', 'WNT4', 'TBP', 'CSNK2A2', 'CSNK2A1', 'MAGI3', 'WNT7A', 'PPP2CA', 'MAP1B', 'DAAM1', 'CAMK2D', 'CTNNB1', 'CAMK2A', 'FHL2', 'CAMK2B', 'CXXC4', 'ARRB2', 'MAPK9', 'SKP1A', 'MAPK8', 'SUMO1', 'ARRB1', 'EP300', 'MAPK3', 'RAC1', 'MAPK1', 'CAMK2G', 'BRD7', 'Na']
Wnt Signaling Pathway WP403	['RHOA', 'JUN', 'WNT5A', 'WNT5B', 'PPP2R5C', 'AXIN1', 'PPP2R5E', 'FBXW2', 'WNT16', 'SFRP4', 'MAPK10', 'APC', 'PAFAH1B1', 'GSK3B', 'FZD10', 'WNT6', 'FRAT1', 'WNT11', 'CCND3', 'CCND2', 'CCND1', 'DVL1', 'DVL2', 'MYC', 'DVL3', 'WNT1', 'WNT2', 'WNT3', 'WNT4', 'LDLR', 'FZD2', 'PRKCH', 'FZD1', 'PRKCG', 'WNT10B', 'WNT10A', 'PRKCI', 'FZD3', 'PRKCD', 'WNT3A', 'FZD6', 'FZD5', 'FZD8', 'FZD7', 'PRKCE', 'WNT7A', 'WNT7B', 'FZD9', 'PRKCB', 'CSNK1E', 'PRKCA', 'FOSL1', 'PRKCZ', 'PRKD1', 'PRKCQ', 'WNT2B', 'CTNNB1', 'PLAU', 'MAPK9', 'RAC1', 'Na']
Wnt Signaling Pathway and Pluripotency WP723	['WNT5A', 'WNT5B', 'TRP53', 'PPP2R1A', 'FBXW2', 'MAPK10', 'APC', 'LEF1', 'CTNND1', 'LRP6', 'LRP5', 'NKD1', 'NKD2', 'FRAT1', 'PTPA', 'CCND3', 'CCND2', 'CCND1', 'RACGAP1', 'MYC', 'MAP3K7', 'LDLR', 'FZD2', 'PRKCH', 'CREBBP', 'FZD1', 'PRKCG', 'FZD4', 'WNT10B', 'WNT10A', 'PRKCI', 'FZD3', 'PRKCD', 'WNT3A', 'FZD6', 'FZD5', 'FZD8', 'FZD7', 'PRKCE', 'FZD9', 'PRKCB', 'CSNK1E', 'PRKCA', 'HNF1B', 'FOSL1', 'PRKCZ', 'HNF1A', 'PRKD1', 'PRKCQ', 'NANOG', 'TCF4', 'WNT2B', 'CTBP2', 'CTBP1', 'PLAU', 'NLK', 'SOX2', 'RHOA', 'FOXD3', 'MMP7', 'JUN', 'AXIN2', 'PPP2R5C', 'AXIN1', 'PPP2R5E', 'WNT9B', 'WNT16', 'PAFAH1B1', 'GSK3B', 'WNT6', 'WNT11', 'DVL1', 'DVL2', 'DVL3', 'WNT1', 'WNT2', 'WNT3', 'WNT4', 'TCF7L1', 'WNT7A', 'ZBTB33', 'WNT7B', 'POU5F1', 'PPP2CA', 'PPP2R2D', 'PPP2R2C', 'PPARD', 'CD44', 'CTNNB1', 'PPM1J', 'PPP2R2B', 'PPP2R2A', 'PPP2CB', 'MAPK9', 'PPP2R1B', 'EP300', 'NFYA', 'Na']
Wnt Signaling in Kidney Disease WP3857	['FZD2', 'FZD1', 'RHOA', 'FZD4', 'WNT10B', 'WNT10A', 'FZD3', 'WNT3A', 'FZD6', 'FZD5', 'FZD8', 'WNT5A', 'FZD7', 'WNT5B', 'WNT7A', 'WNT7B', 'FZD9', 'WNT9B', 'WNT16', 'MAPK10', 'WNT2B', 'INVS', 'CTNNB1', 'LRP6', 'LRP5', 'WNT6', 'WNT11', 'MAPK9', 'MAPK8', 'DVL1', 'DVL2', 'NPHP3', 'DVL3', 'WNT1', 'WNT2', 'WNT3', 'WNT4', 'Na']
mRNA processing WP310	['MCTS2', 'RBFOX1', 'RBFOX2', 'RPL22', 'DICER1', 'PHF5A', 'HNRNPM', 'HNRNPK', 'HNRNPL', 'CPEB1', 'DDX39B', 'RPL26', 'HNRNPF', 'HNRNPC', 'RPL37RT', 'HNRNPD', 'CPEB4', 'CPEB3', 'SF3B5', 'SF3B6', 'SF3B3', 'STAU1', 'SF3B4', 'RPL11', 'RPL12', 'HNRNPU', 'EWSR1', 'ADARB2', 'HNRNPR', 'RNASET2B', 'LSM11', 'NXF1', 'DCAF1', 'SCAF8', 'CLP1', 'PABPN1', 'RPL19', 'SF3B1', 'PPARGC1A', 'RALY', 'PPARGC1B', 'SF3B2', 'NXF7', 'LOC102643269', 'VMN1R26', 'SECISBP2', 'WDR55', 'SLC6A8', 'CFB', 'RNPEPL1', 'RPL32', 'HNRNPA1L2-PS2', 'RPL9', 'ALKBH8', 'RPL7', 'MRPL11', 'RPL8', 'RAVER1', 'ZFP385A', 'RPL37', 'RPL39', 'SRP54A', 'RPL38', 'BARD1', 'SRP9', 'MRPL23', 'DAZL', 'TUT1', 'ERGIC2', 'SLBP', 'RBM8A', 'GM12666', 'AKAP17B', 'TMEM163', 'CSAD', 'BCLAF1', 'TERT', 'GM21379', 'ATXN1', 'LOC102642137', 'MBNL1', 'SF3A2', 'SF3A3', 'ELMOD3', 'GATC', 'ADAT1', 'SRP68', 'FDX1L', 'NUDT21', 'COL4A3', 'SF3A1', 'RNASEL', 'PPP1R8', 'SRSF10', 'SRSF11', 'SRSF12', 'RBPMS2', 'SNRPN', 'RPS9', 'RPS6', 'RPS7', 'PRPF4B', 'HNRNPAB', 'ILF3', 'SNRPA', 'RBMXL2', 'ADAM5', 'CNOT4', 'LOC100862468', 'SRSF3', 'SRSF4', 'SNRPF', 'SRSF5', 'SNRPG', 'SRSF6', 'PPIL4', 'SRSF7', 'SREK1', 'SNRPE', 'TARDBP', 'SNRPB', 'SRSF9', 'SNRPC', 'RNMT', 'NIP7', 'SRSF1', 'RPL32L', 'SRSF2', 'PARK7', 'RBMXL1', 'VIRMA', 'ANKAR', 'SPOP', 'TXNL4A', 'PSKH1', 'TIA1', 'ZCRB1', 'RBPMS', 'LSM2', 'LSM1', 'LSM4', 'CYP4F18', 'LSM8', 'LSM7', 'SYNJ2', 'GGCX', 'NCL', 'TRAF6', 'RNASEH2A', 'EIF4G3', 'EIF4G2', 'ANKRD33B', 'ZFP346', 'FMR1', 'MSI1', 'MSI2', 'LOC105244208', 'G3BP1', 'PAPOLG', 'HNRNPDL', 'PAPOLB', 'NELFE', 'PAPOLA', 'RBM12B1', 'RBM12B2', 'FUS', 'DIS3', 'ZFP638', 'EIF2AK2', 'SMC1A', 'BICC1', 'LINGO1', 'SON', 'CDK9', 'DNAJC8', 'ESRP2', 'ESRP1', 'SUPT5', 'EIF4E3', 'ACO1', 'EIF4E2', 'TNRC6C', 'SLC25A4', 'NUFIP1', 'CELF1', 'CELF2', 'CELF3', 'CELF4', 'CELF5', 'CELF6', 'RNPC3', 'SNU13', 'PTBP1', 'PTBP2', 'RAD21', 'SMN1', 'EIF4H', 'EIF4E', 'PPP1R14B', 'RNGTT', 'CIRBP', 'CDC40', 'ENOX1', 'PTBP3', 'TSN', 'ENOX2', 'SNRNP40', 'SNRPA1', 'EIF3G', 'EIF3B', 'MAK16', 'EIF4A3', 'EIF4A2', 'U2AF2', 'U2AF1', 'PPM1G', 'SART3', 'POLR2A', 'LOC102642637', 'PUF60', 'RNPEP', 'IGF2BP1', 'POLR2G', 'SNRPB2', 'IGF2BP3', 'TRIM21', 'HNRNPA3', 'SNRNP35', 'EIF2D', 'ALYREF2', 'DIS3L2', 'ILKAP', 'HNRNPA0', 'LOC102642752', 'HNRNPA1', 'SSB', 'TTC39A', 'CIZ1', 'ZFP830', 'IMP3', 'IMP4', 'SRRM1', 'AFG3L2', 'AFG3L1', 'XRN2', 'CD2BP2', 'LOC102642864', 'AKAP1', 'GM15455', 'WBP4', 'TRMT2A', 'MRM3', 'UHMK1', 'EXOSC8', 'TIAL1', 'EXOSC7', 'EXOSC5', 'RBM15B', 'SNRPD3', 'SNRPD2', 'SNRPD1', 'EXOSC9', 'DHX38', 'ADAD1', 'QK', 'EXOSC4', 'TRMT1L', 'ERAL1', 'PUM2', 'PUM1', 'SRPK1', 'SRPK2', 'RPL39L', 'PUM3', 'RPS27', 'RPS29', 'AIMP1', 'RPS28', 'RNPS1', 'LOC102642602', 'RPS20', 'RPS23', 'SUGP1', 'RPS24', 'SUGP2', 'LTV1', 'ZFP622', 'CSTF3', 'PCBP1', 'HTATSF1', 'HNRNPLL', 'SYNCRIP', 'PCBP4', 'SNRNP70', 'PCBP2', 'DHX15', 'PCBP3', 'CSTF2', 'DHX16', 'CSTF1', 'RPS11', 'ZFP740', 'OASL2', 'RPS14', 'RPS13', 'ZRSR2', 'ZRSR1', 'PABPC5', 'PABPC6', 'PRPF40B', 'PRPF40A', 'PRPF18', 'SLTM', 'PABPC4', 'PABPC1', 'PABPC2', 'SLU7', 'TLR5', 'TMED10', 'DAZAP1', 'DHX8', 'DHX9', 'OAS1A', 'CSDE1', 'OAS1B', 'BRCA1', 'OAS1G', 'SBNO1', 'FXR2', 'LOC102642938', 'FXR1', 'BOLL', 'AUH', 'DND1', 'SAFB2', 'NPM1', 'MYEF2', 'MRPS28', 'PRMT2', 'METTL3', 'PRMT1', 'HNRNPA2B1', 'HNRNPH1', 'HNRNPH2', 'RSRC2', 'ZBP1', 'CPSF7', 'CPSF2', 'CPSF1', 'CPSF4', 'CPSF3', 'ALYREF', 'TARBP2', 'D1PAS1', 'BRWD1', 'PPIE', 'SFSWAP', 'NOL8', 'RBM4B', 'FBL', 'RBM31Y', 'EFTUD2', 'RAE1', 'RPP14', 'NONO', 'DDX56', 'TDRD7', 'DNAJC17', 'RALYL', 'PRPF6', 'PRPF8', 'PSPC1', 'PRPF4', 'PRPF3', 'CLASRP', 'SRP19', 'DDX6', 'DDX5', 'DDX4', 'DDX1', 'SRP14', 'TMEM223', 'RDM1', 'ZMAT2', 'RBMX2', 'ZMAT4', 'RBM17', 'RBM18', 'TTC14', 'DDX39', 'NCBP2', 'RBM19', 'CLK4', 'CLK3', 'CLK2', 'DDX19A', 'CLK1', 'DDX19B', 'OAS2', 'SFPQ', 'OAS3', 'RBMS1', 'RBMS2', 'NAA38', 'GRSF1', 'RBM25', 'RBMS3', 'RBM22', 'ABCB4', 'DDX3X', 'DDX41', 'ELAVL1', 'ADAR', 'ELAVL2', 'NOP9', 'TROVE2', 'ELAVL3', 'ELAVL4', 'RBM10', 'RBM14', 'RBM11', 'RBM12', 'RBM39', 'TAF15', 'RBM38', 'SPEN', 'PCOLCE', 'U2SURP', 'RBM42', 'SLIRP', 'RBM43', 'ACIN1', 'RBM41', 'MATR3', 'RBMX', 'RBM47', 'RBMY', 'RBM45', 'RBM28', 'RBM26', 'DDX25', 'POLDIP3', 'DDX24', 'YBX1', 'DDX21', 'DDX20', 'CSTF2T', 'RBM4', 'RBM5', 'RPS4X', 'RBM3', 'TRA2B', 'NIFK', 'RBM33', 'RBM6', 'RBM34', 'RBM7', 'Na']
miR-127 in mesendoderm differentiation WP3991	['FOXA2', 'ACVR1', 'SMAD2', 'LEFTY2', 'T', 'SMAD4', 'NODAL', 'CFC1', 'ACVR2A', 'Na']
mir-193a and MVP in colon cancer metastasis WP3979	['CAPRIN1', 'CCND2', 'CCND1', 'G3BP1', 'MVP', 'MYC', 'Na']
p38 MAPK Signaling Pathway WP350	['MAP2K4', 'MEF2D', 'MAP3K1', 'TGFB2', 'DAXX', 'STAT1', 'PLA2G4A', 'TRAF2', 'LOC102641809', 'TGFBR1', 'CDC42', 'MAPK14', 'CREB1', 'MAPKAPK2', 'LOC105242493', 'DDIT3', 'GRB2', 'ATF2', 'MAX', 'SHC1', 'RASGRF1', 'TRADD', 'ELK1', 'HSPB1', 'RPS6KA5', 'MKNK1', 'MYC', 'RAC1', 'MAP3K9', 'HRAS', 'RIPK1', 'MAP3K7', 'MAP3K5', 'MAP2K6', 'HMGN1', 'LOC102641666', 'Na']
p53 signaling WP2902	['APAF1', 'SHISA5', 'TRP53', 'TSC2', 'CDK6', 'RRM2B', 'CDK4', 'FAS', 'CCNG2', 'CDK2', 'CCNG1', 'CYCT', 'BAX', 'ATM', 'CDK1', 'CYCS', 'STEAP3', 'ATR', 'EI24', 'CD82', 'SERPINE1', 'RCHY1', 'BBC3', 'CASP8', 'CCND3', 'CASP9', 'CCND2', 'CHEK1', 'CCND1', 'CHEK2', 'PERP', 'CASP3', 'RPRM', 'GTSE1', 'PIDD1', 'SERPINB5', 'RRM2', 'CDKN2A', 'GADD45B', 'GADD45A', 'IGFBP3', 'SIAH1B', 'GADD45G', 'SIAH1A', 'IGF1', 'TRP73', 'DDB2', 'PPM1D', 'CCNE2', 'CCNE1', 'ADGRB1', 'MDM4', 'MDM2', 'CDKN1A', 'PTEN', 'THBS1', 'CCNB3', 'SESN1', 'CCNB2', 'CCNB1', 'COP1', 'ZMAT3', 'SESN2', 'SESN3', 'PMAIP1', 'SFN', 'BID', 'Na']
